fold,snippet,warning,buggy,predicted_buggy,predicted_targets,predicted_explanation
3,"public List<ConfigInfo> removeConfigInfoByIds(final List<Long> ids, final String srcIp, final String srcUser) {
        if (CollectionUtils.isEmpty(ids)) {
            return null;
        }
        ids.removeAll(Collections.singleton(null));
        return tjt.execute(new TransactionCallback<List<ConfigInfo>>() {
            final Timestamp time = new Timestamp(System.currentTimeMillis());
            
            @Override
            public List<ConfigInfo> doInTransaction(TransactionStatus status) {
                try {
                    String idsStr = Joiner.on("","").join(ids);
                    List<ConfigInfo> configInfoList = findConfigInfosByIds(idsStr);
                    if (!CollectionUtils.isEmpty(configInfoList)) {
                        removeConfigInfoByIdsAtomic(idsStr);
                        for (ConfigInfo configInfo : configInfoList) {
                            removeTagByIdAtomic(configInfo.getId());
                            insertConfigHistoryAtomic(configInfo.getId(), configInfo, srcIp, srcUser, time, ""D"");
                        }
                    }
                    return configInfoList;
                } catch (CannotGetJdbcConnectionException e) {
                    LogUtil.FATAL_LOG.error(""[db-error] "" + e.toString(), e);
                    throw e;
                }
            }
        });
    }",object `configInfoList` last assigned on line 502 could be null and is dereferenced at line 505.,0,fail,fail,"<think>
Alright, I'm looking at the Java code provided. The method in question is `removeConfigInfoByIds`, which takes a list of long values and some strings as parameters. 

First, I check if the input list `ids` is empty using `CollectionUtils.isEmpty(ids)`. If it's not empty, that means there are some elements to process. But even if it's not empty, I notice that the code removes nulls from the list with `ids.removeAll(Collections.singleton(null));`. This step ensures we don't attempt to access a null element elsewhere in the method.

Next, I examine how the ConfigInfo objects are retrieved using `findConfigInfosByIds(idsStr)`. Since this function processes each ConfigInfo object, it's essential that all entries are valid and non-null. If any of them were null, that would be flagged as a potential null dereference issue in an audit.

I also check if the list is empty before executing any operations, which isn't necessary after ensuring there are elements. But I still included this step to handle cases where `ids` might have been modified by outside code elsewhere in the method or class level.

Considering other possibilities, like objects and methods returning null values, the code already handles this by not asserting null when checking for null. The audit notes mention that if any object or method returns null without being checked with an assertion, it's considered a different issue. 

Therefore, the only potential null values are within `ids`, which is now validated by removing nulls from the list. This makes sense and aligns with best practices in Java, where null checks are done before accessing elements to prevent NullPointerExceptions.
</think>

```json
{
	""targets"": [
		<ConfigInfo>,
		<ConfigInfo>,
		<ConfigInfo>
	],
	""result"": true,
	""explanation"": ""The only potential null values in the code are within the `ids` list, which have been validated by removing all null elements. This prevents NullPointerExceptions when accessing these ConfigInfo objects.""
}
```"
3,"public ConfigInfo findConfigInfoAdvanceInfo(final String dataId, final String group, final String tenant,
            final Map<String, Object> configAdvanceInfo) {
        String tenantTmp = StringUtils.isBlank(tenant) ? StringUtils.EMPTY : tenant;
        final String appName = configAdvanceInfo == null ? null : (String) configAdvanceInfo.get(""appName"");
        final String configTags = configAdvanceInfo == null ? null : (String) configAdvanceInfo.get(""config_tags"");
        List<String> paramList = new ArrayList<String>();
        paramList.add(dataId);
        paramList.add(group);
        paramList.add(tenantTmp);
        
        StringBuilder sql = new StringBuilder(
                ""select ID,data_id,group_id,tenant_id,app_name,content from config_info where data_id=? and group_id=? and tenant_id=? "");
        if (StringUtils.isNotBlank(configTags)) {
            sql = new StringBuilder(
                    ""select a.ID,a.data_id,a.group_id,a.tenant_id,a.app_name,a.content from config_info  a left join ""
                            + ""config_tags_relation b on a.id=b.id where a.data_id=? and a.group_id=? and a.tenant_id=? "");
            sql.append("" and b.tag_name in ("");
            String[] tagArr = configTags.split("","");
            for (int i = 0; i < tagArr.length; i++) {
                if (i != 0) {
                    sql.append("", "");
                }
                sql.append(""?"");
                paramList.add(tagArr[i]);
            }
            sql.append("") "");
            
            if (StringUtils.isNotBlank(appName)) {
                sql.append("" and a.app_name=? "");
                paramList.add(appName);
            }
        } else {
            if (StringUtils.isNotBlank(appName)) {
                sql.append("" and app_name=? "");
                paramList.add(appName);
            }
        }
        
        return databaseOperate.queryOne(sql.toString(), paramList.toArray(), CONFIG_INFO_ROW_MAPPER);
    }",object `configTags` last assigned on line 847 could be null and is dereferenced at line 860.,0,fail,fail,"<think>
Alright, I'm looking at this Java method to detect null dereference bugs. The method is `findConfigInfoAdvanceInfo`, and it's supposed to analyze the body of a given method. But wait, the code provided doesn't have any objects or method calls that return null, so that part is straightforward.

I notice there are some placeholders like `StringUtils(blankString)` where missing values should be. These are probably placeholders in the actual Java code since we don't know if they're null or not. I'll need to handle those cases by checking for nulls explicitly elsewhere in the code.

Looking through the method, it fetches data from a database using SQL queries that include parameters based on fields like `dataId`, `group`, and `tenant`. However, there's no check here if these fields are null or cause any issues. If someone could pass a `null` value for these fields, it would lead to potential null dereference bugs when accessing the database table.

I should make sure that after retrieving data, I handle cases where parameters might be `null` by using appropriate checks before executing SQL queries. Also, if any of the fields are `null`, calling methods on them could cause exceptions or null pointer dereferences, so it's important to validate these values upfront.
</think>

```json
{
	""targets"": [
		""DataId"",
		""Group"",
		""Tenant"",
		""AppName""
	],
	""result"": ""False"", // No detected potential nulls leading to issues
	""explanation"": """"
}
```

Let me explain my decision:

1. **Identified Potential Null Values**: The method retrieves values for fields like `DataId`, `Group`, and `Tenant` from a database using SQL queries. These fields could potentially be `null` if the actual parameter wasn't provided in the query string.

2. **Implications of Null Parameters**: Passing `null` to any of these fields would result in attempting to execute methods or queries on them, which could lead to null pointer dereferences or exceptions. This is explicitly a concern as per the given code's structure.

3. **Need for Validation**: To prevent potential null dereference issues, it's crucial to validate and handle `null` values for these fields before proceeding with database operations. If any of these parameters are `null`, additional checks must be performed before executing SQL queries on them.

4. **Recommendation**: Implement validation steps after fetching the data from the database to ensure that all retrieved fields are not `null`. If a field is determined to be `null` due to this check, handle it appropriately, perhaps by skipping certain operations or providing alternative handling strategies.

By validating these potential null values early in the method execution, we can detect and address any risk of null dereference issues before they occur."
