fold,snippet,warning,buggy,predicted_buggy,predicted_targets,predicted_explanation
2,"boolean process(Token t, HtmlTreeBuilder tb) {
            if (t.isComment()) {
                tb.insert(t.asComment());
            } else if (t.isDoctype() || isWhitespace(t) || (t.isStartTag() && t.asStartTag().normalName().equals(""html""))) {
                return tb.process(t, InBody);
            } else if (t.isEOF()) {
                // nice work chuck
            } else if (t.isStartTag() && t.asStartTag().normalName().equals(""noframes"")) {
                return tb.process(t, InHead);
            } else {
                tb.error(this);
                return false;
            }
            return true;
        }",object returned by `t.asStartTag().normalName()` could be null and is dereferenced at line 1729.,0,False,[],"The Java code provided does not declare any variables or use objects that could potentially be null. Therefore, there are no potential null dereference issues based on this analysis."
2,"protected String getCause(@Nonnull Throwable throwable) {
        final Throwable root = getRecognizableCause(throwable);
        if (Objects.isNull(root)) {
            return ExceptionUtils.getRootCause(throwable).toString();
        }
        String cause = null;
        if (root instanceof ManagementException) {
            cause = ((ManagementException) root).getValue().getMessage();
        } else if (root instanceof HttpResponseException) {
            cause = ((HttpResponseException) root).getResponse().getBodyAsString().block();
        }
        final String causeMsg = StringUtils.firstNonBlank(cause, root.getMessage());
        return Optional.ofNullable(causeMsg)
                .filter(StringUtils::isNotBlank)
                .map(StringUtils::uncapitalize)
                .map(c -> c.endsWith(""."") ? c : c + '.')
                .orElse(null);
    }",object `root` last assigned on line 100 could be null and is dereferenced at line 110.,0,False,,The analysis focuses on extracting and formatting exception messages but does not identify any null dereference potential bugs in the code snippet provided.
2,"public synchronized Datum load(String key) throws Exception {
        long start = System.currentTimeMillis();
        // load data
        for (File cache : listCaches()) {
            if (!cache.isFile()) {
                Loggers.RAFT.warn(""warning: encountered directory in cache dir: {}"", cache.getAbsolutePath());
            }
            
            if (!StringUtils.equals(cache.getName(), encodeDatumKey(key))) {
                continue;
            }
            
            Loggers.RAFT.info(""finish loading datum, key: {} cost {} ms."", key, (System.currentTimeMillis() - start));
            return readDatum(cache, StringUtils.EMPTY);
        }
        
        return null;
    }",object returned by `listCaches()` could be null and is dereferenced at line 132.,0,True,"['cache.getName()', 'encodeDatumKey(key)', 'readDatum']","There may be potential null dereference bugs related to the encoding and reading of datum keys, especially if `encodeDatumKey` does not handle null values properly."
2,"public Map<String, Object> getClientMetrics(@RequestParam(""ip"") String ip,
            @RequestParam(value = ""dataId"", required = false) String dataId,
            @RequestParam(value = ""group"", required = false) String group,
            @RequestParam(value = ""tenant"", required = false) String tenant) {
        Map<String, Object> metrics = new HashMap<>(16);
        List<Connection> connectionsByIp = connectionManager.getConnectionByIp(ip);
        for (Connection connectionByIp : connectionsByIp) {
            try {
                ClientConfigMetricRequest clientMetrics = new ClientConfigMetricRequest();
                if (StringUtils.isNotBlank(dataId)) {
                    clientMetrics.getMetricsKeys().add(ClientConfigMetricRequest.MetricsKey
                            .build(CACHE_DATA, GroupKey2.getKey(dataId, group, tenant)));
                    clientMetrics.getMetricsKeys().add(ClientConfigMetricRequest.MetricsKey
                            .build(SNAPSHOT_DATA, GroupKey2.getKey(dataId, group, tenant)));
                }
                
                ClientConfigMetricResponse request1 = (ClientConfigMetricResponse) connectionByIp
                        .request(clientMetrics, 1000L);
                metrics.putAll(request1.getMetrics());
            } catch (Exception e) {
                Loggers.CORE.error(""Get config metrics error from client ip={},dataId={},group={},tenant={},error={}"", ip, dataId,
                        group, tenant, e);
            }
        }
        return metrics;
        
    }",object returned by `getMetricsKeys(clientMetrics)` could be null and is dereferenced at line 143.,0,False,,No detected potential null dereference bug in the method.
2,"protected void executeBody() {
            List<Member> members = ServerMemberManager.this.allMembersWithoutSelf();
            
            if (members.isEmpty()) {
                return;
            }
            
            this.cursor = (this.cursor + 1) % members.size();
            Member target = members.get(cursor);
            
            Loggers.CLUSTER.debug(""report the metadata to the node : {}"", target.getAddress());
            
            final String url = HttpUtils
                    .buildUrl(false, target.getAddress(), EnvUtil.getContextPath(), Commons.NACOS_CORE_CONTEXT,
                            ""/cluster/report"");
            
            try {
                Header header = Header.newInstance().addParam(Constants.NACOS_SERVER_HEADER, VersionUtils.version);
                AuthHeaderUtil.addIdentityToHeader(header);
                asyncRestTemplate
                        .post(url, header,
                                Query.EMPTY, getSelf(), reference.getType(), new Callback<String>() {
                                    @Override
                                    public void onReceive(RestResult<String> result) {
                                        if (result.getCode() == HttpStatus.NOT_IMPLEMENTED.value()
                                                || result.getCode() == HttpStatus.NOT_FOUND.value()) {
                                            Loggers.CLUSTER
                                                    .warn(""{} version is too low, it is recommended to upgrade the version : {}"",
                                                            target, VersionUtils.version);
                                            Member memberNew = null;
                                            if (target.getExtendVal(MemberMetaDataConstants.VERSION) != null) {
                                                memberNew = target.copy();
                                                // Clean up remote version info.
                                                // This value may still stay in extend info when remote server has been downgraded to old version.
                                                memberNew.delExtendVal(MemberMetaDataConstants.VERSION);
                                                memberNew.delExtendVal(MemberMetaDataConstants.READY_TO_UPGRADE);
                                                Loggers.CLUSTER.warn(""{} : Clean up version info,""
                                                        + "" target has been downgrade to old version."", memberNew);
                                            }
                                            if (target.getAbilities() != null
                                                    && target.getAbilities().getRemoteAbility() != null && target
                                                    .getAbilities().getRemoteAbility().isSupportRemoteConnection()) {
                                                if (memberNew == null) {
                                                    memberNew = target.copy();
                                                }
                                                memberNew.getAbilities().getRemoteAbility()
                                                        .setSupportRemoteConnection(false);
                                                Loggers.CLUSTER
                                                        .warn(""{} : Clear support remote connection flag,target may rollback version "",
                                                                memberNew);
                                            }
                                            if (memberNew != null) {
                                                update(memberNew);
                                            }
                                            return;
                                        }
                                        if (result.ok()) {
                                            MemberUtil.onSuccess(ServerMemberManager.this, target);
                                        } else {
                                            Loggers.CLUSTER
                                                    .warn(""failed to report new info to target node : {}, result : {}"",
                                                            target.getAddress(), result);
                                            MemberUtil.onFail(ServerMemberManager.this, target);
                                        }
                                    }
                                    
                                    @Override
                                    public void onError(Throwable throwable) {
                                        Loggers.CLUSTER
                                                .error(""failed to report new info to target node : {}, error : {}"",
                                                        target.getAddress(),
                                                        ExceptionUtil.getAllExceptionMsg(throwable));
                                        MemberUtil.onFail(ServerMemberManager.this, target, throwable);
                                    }
                                    
                                    @Override
                                    public void onCancel() {
                                    
                                    }
                                });
            } catch (Throwable ex) {
                Loggers.CLUSTER.error(""failed to report new info to target node : {}, error : {}"", target.getAddress(),
                        ExceptionUtil.getAllExceptionMsg(ex));
            }
        }",object `memberNew` last assigned on line 534 could be null and is dereferenced at line 537.,0,False,,"There is no object being accessed within the method body of `executeBody()` that could potentially return null, which suggests there are no null dereference potential bugs."
