fold,snippet,warning,buggy,predicted_buggy,predicted_targets,predicted_explanation
2,"public static ZipFile getModulesZip(ZipFile bundleZip, Path modulesPath) throws IOException {
    ZipEntry modulesEntry = bundleZip.getEntry(SDK_MODULES_FILE_NAME);
    try (InputStream modulesInputStream = bundleZip.getInputStream(modulesEntry)) {
      Files.copy(modulesInputStream, modulesPath);
      return new ZipFile(modulesPath.toFile());
    }
  }
}","resource of type `java.util.zip.ZipFile` acquired by call to `ZipFile(...)` at line 297 is not released after line 298.
**Note**: potential exception at line 298",1,True,[],"This code does not have any resource leaks and properly manages the resources since it doesn't acquire or release any streams directly. All ZipFile operations are handled implicitly through the underlying streams, which should be properly closed as part of their lifecycle."
2,"private void executeForSdkArchive() {
    try (TempDirectory tempDir = new TempDirectory(getClass().getSimpleName());
        ZipFile asarZip = new ZipFile(getSdkArchivePath().get().toFile())) {
      Path modulesPath = tempDir.getPath().resolve(EXTRACTED_SDK_MODULES_FILE_NAME);
      try (ZipFile modulesZip = getModulesZip(asarZip, modulesPath)) {
        SdkAsarValidator.validateModulesFile(modulesZip);
        SdkAsar sdkAsar = SdkAsar.buildFromZip(asarZip, modulesZip, modulesPath);
        generateAppApks(sdkAsar.getModule(), tempDir);
      }
    } catch (ZipException e) {
      throw CommandExecutionException.builder()
          .withInternalMessage(""ASAR is not a valid zip file."")
          .withCause(e)
          .build();
    } catch (IOException e) {
      throw new UncheckedIOException(""An error occurred when processing the SDK archive."", e);
    }
  }","resource of type `java.util.zip.ZipFile` acquired by call to `ZipFile(...)` at line 341 is not released after line 348.
**Note**: potential exception at line 343",1,false,[],"The method `run()` does not explicitly manage the release of resources acquired during ASAR execution, making it difficult to confirm a resource leakage bug."
2,"private void hardKill(int processId) {
        if (processId != 0 && process.isAlive()) {
            try {
                String cmd = String.format(""kill -9 %d"", processId);
                cmd = OSUtils.getSudoCmd(taskRequest.getTenantCode(), cmd);
                logger.info(""hard kill task:{}, process id:{}, cmd:{}"", taskRequest.getTaskAppId(), processId, cmd);

                Runtime.getRuntime().exec(cmd);
            } catch (IOException e) {
                logger.error(""kill attempt failed "", e);
            }
        }
    }",resource of type `java.lang.Process` acquired by call to `exec(...)` at line 279 is not released after line 279.,1,fail,fail,"<think>
Okay, let's see what I've got here. The user provided a Java code snippet that includes a method body starting with `private void hardKill(int processId)`. My job is to analyze this method and detect potential resource leakage bugs using the advanced static analysis tool. 

First, I'll look for any annotations or patterns in the given code. I'm focusing on specific parts of the source code within curly braces `{}` because that's where resource leaks are more likely. The code starts with `Runtime.getRuntime().exec(cmd);`, which means a process is trying to execute a command from its own file system. 

I remember the guidelines: if the process is alive and non-zero, it's possible that the command could be modifying resources on the file system. Since the command here is using `Linux exec` on the root process (as indicated by `Runtime.getRuntime().exec()`, which runs in the root process), there's a good chance this is causing resource leakage.

I'll check if there are any other annotations or patterns that hint at resource usage. Looking further, I see `logger.info` and `logger.error`, but these aren't relevant for detecting leaks. The main suspect here is the direct execution of the command without proper user interaction or logging to ensure the process was allowed to run.

Considering how static analyzers work, they might flag this as a potential leak because the command is executing on the resource owner's file system, which could be underutilized or causing conflicts if not managed properly. But in this case, since the command is directly from the process itself, especially without user intervention, it's a clear sign of resource leakage.

I also need to structure my response according to the problem statement, ensuring that I include the necessary details like targets and result in the JSON output format. I'll make sure to explain each step clearly so that someone reading my analysis can understand the reasoning behind identifying this as a potential leak.

Finally, since I'm confident about this analysis, I'll present it in the specified JSON format with clear labels for ""targets"" (like `RESOURCE_TYPE` and `CALL_INVOKATION`) and ""result"" to indicate if it's a leak.
</think>

```json
{
    ""targets"": [
        ""RESOURCE_TYPE"",  // The resource being referenced is root process execution
        ""CALL_INVOKATION"" // The call or method executing the command
    ],
    ""result"": ""True"",  
    ""explanation"": ""The code directly executes a command from the process's file system, which could cause resource leakage. Specifically, `Runtime.getRuntime().exec(cmd);` indicates that the root process is attempting to run commands on its own resources, which may not be managed properly.""
}
```"
2,"public static long copy(Readable from, Appendable to) throws IOException {
    // The most common case is that from is a Reader (like InputStreamReader or StringReader) so
    // take advantage of that.
    if (from instanceof Reader) {
      // optimize for common output types which are optimized to deal with char[]
      if (to instanceof StringBuilder) {
        return copyReaderToBuilder((Reader) from, (StringBuilder) to);
      } else {
        return copyReaderToWriter((Reader) from, asWriter(to));
      }
    }

    checkNotNull(from);
    checkNotNull(to);
    long total = 0;
    CharBuffer buf = createBuffer();
    while (from.read(buf) != -1) {
      Java8Compatibility.flip(buf);
      to.append(buf);
      total += buf.remaining();
      Java8Compatibility.clear(buf);
    }
    return total;
  }","resource of type `com.google.common.io.AppendableWriter` acquired by call to `asWriter(...)` at line 79 is not released after line 79.
**Note**: potential exception at line 79",1,false,[],"This code is clean, and it has no potential resource leakage bugs."
2,"private PrintWriter createTracer() {
        try {
            Path outputDirectory = getOutputDirectory()
                .resolve(""out"")
                .resolve(""jreleaser"");
            Files.createDirectories(outputDirectory);
            return newPrintWriter(new FileOutputStream(
                outputDirectory.resolve(""trace.log"").toFile()));
        } catch (IOException e) {
            throw new IllegalStateException(""Could not initialize trace file"", e);
        }
    }",resource of type `java.io.FileOutputStream` acquired by call to `FileOutputStream(...)` at line 73 is not released after line 72.,1,true,[' traced by direct access from static context'],"trace.log created, then written to file, but no release or deletion detected"
2,"protected PrintWriter createTracer() {
        try {
            Files.createDirectories(getOutputDirectory());
            return newPrintWriter(new FileOutputStream(
                    getOutputDirectory().resolve(""trace.log"").toFile()));
        } catch (IOException e) {
            throw new IllegalStateException($(""ERROR_trace_file_init""), e);
        }
    }",resource of type `java.io.FileOutputStream` acquired by call to `FileOutputStream(...)` at line 100 is not released after line 99.,1,false,[],"The code contains a method that does not acquire or release any resources. The method writes to a file block within the specified output directory, but no input or output streams are defined for this operation. No resource acquisition occurred."
2,"protected PrintWriter createTracer() throws MojoExecutionException {
        try {
            java.nio.file.Files.createDirectories(outputDirectory.toPath());
            return newPrintWriter(new FileOutputStream(
                outputDirectory.toPath().resolve(""trace.log"").toFile()));
        } catch (IOException e) {
            throw new MojoExecutionException(""Could not initialize trace file"", e);
        }
    }",resource of type `java.io.FileOutputStream` acquired by call to `FileOutputStream(...)` at line 131 is not released after line 130.,1,true,"['RESOURCE_TYPE', 'CALL_INVOKATION']",resource of type `java.nio.file.Files.createDirectory` acquired by call to `new()` at line 52... is not released after line 61...
2,"private PrintWriter createTracer() {
        try {
            Path outputDirectory = getOutputDirectory().resolve(""out"")
                .resolve(""jreleaser"");
            Files.createDirectories(outputDirectory);
            return newPrintWriter(new FileOutputStream(
                outputDirectory
                    .resolve(""trace.log"").toFile()));
        } catch (IOException e) {
            throw new IllegalStateException(""Could not initialize trace file"", e);
        }
    }",resource of type `java.io.FileOutputStream` acquired by call to `FileOutputStream(...)` at line 151 is not released after line 149.,1,True,"['resource', 'count']","This code is clean, and it has no potential resource leakage bugs."
2,"private PrintWriter createTracer() {
        try {
            Files.createDirectories(getOutputDirectory());
            return newPrintWriter(new FileOutputStream(
                getOutputDirectory().resolve(""trace.log"").toFile()));
        } catch (IOException e) {
            throw new IllegalStateException(""Could not initialize trace file"", e);
        }
    }",resource of type `java.io.FileOutputStream` acquired by call to `FileOutputStream(...)` at line 364 is not released after line 363.,1,true,"['RESOURCE_TYPE', 'CALL_INVOKATION']",resource of type `com.microsoft.azure.maven.prompt.DefaultPrompter` acquired by call to `new()` at line 83 is not released after line 86.
2,"public static ImmutableMap<String, Long> getCompressedSizeByApkPaths(
      ImmutableList<String> apkPaths, Path apksArchive) {
    ImmutableMap.Builder<String, Long> sizeByApkPath = ImmutableMap.builder();
    try (ZipFile apksZip = new ZipFile(apksArchive.toFile())) {
      for (String apkPath : apkPaths) {
        ZipEntry entry = checkNotNull(apksZip.getEntry(apkPath));
        // It's possible that the compressed size is larger than the uncompressed one, but the
        // smallest APK is the one that is actually served.
        long size =
            Math.min(
                entry.getSize(),
                GZipUtils.calculateGzipCompressedSize(ZipUtils.asByteSource(apksZip, entry)));
        sizeByApkPath.put(apkPath, size);
      }
    } catch (IOException e) {
      throw new UncheckedIOException(
          String.format(""Error while processing the APK Set archive '%s'."", apksArchive), e);
    }
    return sizeByApkPath.build();
  }

  private ApkSizeUtils() {}
}","resource of type `java.util.zip.ZipFile` acquired by call to `ZipFile(...)` at line 54 is not released after line 65.
**Note**: potential exception at line 62",0,true,"['RESOURCE_TYPE', 'CALL_INVOKATION']",resource of type `com.microsoft.azure.maven.prompt.DefaultPrompter` acquired by call to new() at line 86.
2,"public Path execute() {
    validateInput();

    try (ZipFile bundleZip = new ZipFile(getSdkBundlePath().toFile())) {
      TempDirectory tempDir = new TempDirectory(getClass().getSimpleName());
      SdkBundleValidator bundleValidator = SdkBundleValidator.create();
      bundleValidator.validateFile(bundleZip);

      Path modulesPath = tempDir.getPath().resolve(SDK_MODULES_FILE_NAME);
      try (ZipFile modulesZip = getModulesZip(bundleZip, modulesPath)) {
        bundleValidator.validateModulesFile(modulesZip);
        SdkBundle sdkBundle =
            SdkBundle.buildFromZip(bundleZip, modulesZip, PLACEHOLDER_VERSION_CODE);
        bundleValidator.validate(sdkBundle);

        DaggerBuildSdkAsarManagerComponent.builder()
            .setBuildSdkAsarCommand(this)
            .setSdkBundle(sdkBundle)
            .build()
            .create()
            .execute(modulesPath);
      }
    } catch (ZipException e) {
      throw InvalidBundleException.builder()
          .withCause(e)
          .withUserMessage(""The SDK Bundle is not a valid zip file."")
          .build();
    } catch (IOException e) {
      throw new UncheckedIOException(""An error occurred when validating the Sdk Bundle."", e);
    }

    return getOutputFile();
  }","resource of type `java.util.zip.ZipFile` acquired by call to `getModulesZip(...)` at line 120 is not released after line 114.
**Note**: potential exception at line 123",0,True,"['RESOURCE_TYPE', 'CALL_INVOKATION']",resource of type `com.microsoft.azure.maven.prompt.DefaultPrompter` acquired by call to `new()` at line 86.
2,"public Path execute() {
    validateInput();

    try (ZipFile bundleZip = new ZipFile(getSdkBundlePath().toFile())) {
      TempDirectory tempDir = new TempDirectory(getClass().getSimpleName());
      SdkBundleValidator bundleValidator = SdkBundleValidator.create();
      bundleValidator.validateFile(bundleZip);

      Path modulesPath = tempDir.getPath().resolve(SDK_MODULES_FILE_NAME);
      try (ZipFile modulesZip = getModulesZip(bundleZip, modulesPath)) {
        bundleValidator.validateModulesFile(modulesZip);
        SdkBundle sdkBundle =
            SdkBundle.buildFromZip(bundleZip, modulesZip, PLACEHOLDER_VERSION_CODE);
        bundleValidator.validate(sdkBundle);

        DaggerBuildSdkAsarManagerComponent.builder()
            .setBuildSdkAsarCommand(this)
            .setSdkBundle(sdkBundle)
            .build()
            .create()
            .execute(modulesPath);
      }
    } catch (ZipException e) {
      throw InvalidBundleException.builder()
          .withCause(e)
          .withUserMessage(""The SDK Bundle is not a valid zip file."")
          .build();
    } catch (IOException e) {
      throw new UncheckedIOException(""An error occurred when validating the Sdk Bundle."", e);
    }

    return getOutputFile();
  }","resource of type `java.util.zip.ZipFile` acquired by call to `ZipFile(...)` at line 114 is not released after line 133.
**Note**: potential exception at line 120",0,false,[],"This code is clean, and it has no potential resource leakage bugs."
2,"private static <T> T extractAndParse(
      Path bundlePath, ZipPath filePath, ProtoParser<T> protoParser) {
    try (ZipFile zipFile = new ZipFile(bundlePath.toFile())) {
      return extractAndParse(zipFile, filePath, protoParser);
    } catch (ZipException e) {
      throw InvalidBundleException.builder()
          .withUserMessage(""Bundle is not a valid zip file."")
          .withCause(e)
          .build();
    } catch (IOException e) {
      throw new UncheckedIOException(""Error occurred when trying to open the bundle."", e);
    }
  }","resource of type `java.util.zip.ZipFile` acquired by call to `ZipFile(...)` at line 180 is not released after line 182.
**Note**: potential exception at line 181",0,false,[],This method does not appear to have any potential resource leakage bugs after analysis. All operations within the method are contained within try-catch blocks and do not explicitly manage or release any resources that may be considered as possible leaks.
2,"private ImmutableList<Path> extractMatchedApksFromApksArchive(
      ImmutableList<GeneratedApk> generatedApks, BuildApksResult toc) {
    Path outputDirectoryPath =
        getOutputDirectory().orElseGet(ExtractApksCommand::createTempDirectory);

    getOutputDirectory()
        .ifPresent(
            dir -> {
              if (!Files.exists(dir)) {
                logger.info(""Output directory '"" + dir + ""' does not exist, creating it."");
                FileUtils.createDirectories(dir);
              }
            });

    ImmutableList.Builder<Path> builder = ImmutableList.builder();
    try (ZipFile apksArchive = new ZipFile(getApksArchivePath().toFile())) {
      for (GeneratedApk matchedApk : generatedApks) {
        ZipEntry entry = apksArchive.getEntry(matchedApk.getPath().toString());
        checkNotNull(entry);
        Path extractedApkPath =
            outputDirectoryPath.resolve(matchedApk.getPath().getFileName().toString());
        try (InputStream inputStream = apksArchive.getInputStream(entry);
            OutputStream outputApk = Files.newOutputStream(extractedApkPath)) {
          ByteStreams.copy(inputStream, outputApk);
          builder.add(extractedApkPath);
        } catch (IOException e) {
          throw new UncheckedIOException(
              String.format(""Error while extracting APK '%s' from the APK Set."", matchedApk), e);
        }
      }
      if (getIncludeMetadata()) {
        produceCommandMetadata(generatedApks, toc, outputDirectoryPath);
      }
    } catch (IOException e) {
      throw new UncheckedIOException(
          String.format(""Error while processing the APK Set archive '%s'."", getApksArchivePath()),
          e);
    }
    System.err.printf(
        ""The APKs have been extracted in the directory: %s%n"", outputDirectoryPath.toString());
    return builder.build();
  }","resource of type `java.util.zip.ZipFile` acquired by call to `ZipFile(...)` at line 282 is not released after line 300.
**Note**: potential exception at line 292",0,True,"['InputStream', 'OutputStream']",resource of type `InputStream` and `OutputStream` acquired by new() at line 75 is not released after line 80 is a known resource leak.
2,"private void executeForSdkBundle() {
    try (TempDirectory tempDir = new TempDirectory(getClass().getSimpleName());
        ZipFile sdkBundleZip = new ZipFile(getSdkBundlePath().get().toFile())) {
      Path modulesPath = tempDir.getPath().resolve(EXTRACTED_SDK_MODULES_FILE_NAME);
      try (ZipFile modulesZip = getModulesZip(sdkBundleZip, modulesPath)) {
        SdkBundleValidator sdkBundleValidator = SdkBundleValidator.create();
        sdkBundleValidator.validateModulesFile(modulesZip);
        // SdkBundle#getVersionCode is not used in `build-apks`. It does not matter what
        // value we set here, so we are just setting 0.
        SdkBundle sdkBundle =
            SdkBundle.buildFromZip(sdkBundleZip, modulesZip, /* versionCode= */ 0);
        sdkBundleValidator.validate(sdkBundle);
        generateAppApks(sdkBundle.getModule(), tempDir);
      }
    } catch (ZipException e) {
      throw CommandExecutionException.builder()
          .withInternalMessage(""ASB is not a valid zip file."")
          .withCause(e)
          .build();
    } catch (IOException e) {
      throw new UncheckedIOException(""An error occurred when processing the SDK bundle."", e);
    }
  }","resource of type `com.android.tools.build.bundletool.io.TempDirectory` acquired by call to `new()` at line 316 is not released after line 329.
**Note**: potential exception at line 317",0,fail,fail,"<think>
Alright, let's dive into analyzing the provided Java code to detect any resource leakage bugs. 

First, I'll look at each method within the `executeForSdkBundle()` function.

1. **Directory Creation and Operations:**
   - The code creates a temporary directory using `new TempDirectory(getClass().getSimpleName())` for both `tempDir` and `sdkBundleZip`.
   - It resolves paths to get the correct locations of `extracted/sdk_MODULES` and others.
   - A `ZipFile sdkBundleZip` is initialized, which is used in the method.

2. **Path Handling:**
   - The code retrieves the path for `extracted/sdk_MODULES` from the SDK bundle using `getModulesZip(sdkBundleZip, modulesPath)`.
   - This suggests that the module directory structure might be managed through the SDK's configuration.

3. **SdkBundle Validation:**
   - A `SdkBundleValidator` is created and used to validate each module.
   - The code calls `sdkBundleValidator.validateModulesFile(modulesZip)` after initializing it with a specific modules path.

4. **Validation Execution:**
   - After validation, the code proceeds to call `generateAppApks(sdkBundle.getModule(), tempDir)`, which likely generates the application files.

5. **Error Handling and Causation:**
   - There's an exception thrown when processing the SDK zip file.
   - If a ZipException occurs during initialization of `sdkBundleZip`, it is caught, logged as an internal message, and wrapped in a `Cause` object with the actual error location.

Now, focusing on resource management:

- **Directory Operations:** The temporary directory is created, which might involve writing to a file handle. However, in this context, the exception thrown suggests that any write operations were managed by the caller or environment.
  
- **ZipFile Handling:** Creating and initializing `sdkBundleZip` could lead to potential writes to the directory if not properly closed.

Potential risks:

1. **Resource Exceedance:**
   - Direct writing from a temporary directory can cause issues if not handled carefully, possibly leading to resource overflows or security concerns.

2. **Causation Check:**
   - While exceptions are caught and logged, ensuring that all resources are managed appropriately is crucial.

In conclusion, the provided code appears to handle directory creation correctly but should include checks for resource management beyond just writing operations.
</think>

Upon analyzing the provided Java code, I found no indication of resource leakage bugs. Here's a step-by-step explanation:

1. **Directory Operations:**
   - The `TempDirectory` object is created using `new TempDirectory(getClass().getSimpleName())`, which creates an internal directory for temporary storage.

2. **ZipFile Handling:**
   - A `ZipFile` instance (`sdkBundleZip`) is initialized, but no direct writes to this directory were performed within the method.

3. **Code Flow:**
   - Direct writes from a temporary directory could potentially cause resource overflows if not handled properly.
   - The exception thrown during processing may be due to improper file handling rather than resource leakage.

4. **Error Handling:**
   - The code is designed to handle exceptions by wrapping them in `Cause` objects, which suggests that the problem lies within proper error prevention rather than resource management issues.

**Conclusion:** The provided code handles directory operations and zip files properly but could be improved to prevent potential resource overflows if direct writes were performed."
2,"private void executeForSdkArchive() {
    try (TempDirectory tempDir = new TempDirectory(getClass().getSimpleName());
        ZipFile asarZip = new ZipFile(getSdkArchivePath().get().toFile())) {
      Path modulesPath = tempDir.getPath().resolve(EXTRACTED_SDK_MODULES_FILE_NAME);
      try (ZipFile modulesZip = getModulesZip(asarZip, modulesPath)) {
        SdkAsarValidator.validateModulesFile(modulesZip);
        SdkAsar sdkAsar = SdkAsar.buildFromZip(asarZip, modulesZip, modulesPath);
        generateAppApks(sdkAsar.getModule(), tempDir);
      }
    } catch (ZipException e) {
      throw CommandExecutionException.builder()
          .withInternalMessage(""ASAR is not a valid zip file."")
          .withCause(e)
          .build();
    } catch (IOException e) {
      throw new UncheckedIOException(""An error occurred when processing the SDK archive."", e);
    }
  }","resource of type `java.util.zip.ZipFile` acquired by call to `getModulesZip(...)` at line 343 is not released after line 348.
**Note**: potential exception at line 345",0,false,"['ResourceFile', 'ModuleValidation']","This code is clean, and it has no potential resource leakage bugs."
2,"private void doSaveProperties(long version) {
        if (version < lastCacheChanged.get()) {
            return;
        }
        if (file == null) {
            return;
        }
        // Save
        try {
            File lockfile = new File(file.getAbsolutePath() + "".lock"");
            if (!lockfile.exists()) {
                lockfile.createNewFile();
            }
            try (RandomAccessFile raf = new RandomAccessFile(lockfile, ""rw"");
                 FileChannel channel = raf.getChannel()) {
                FileLock lock = channel.tryLock();
                if (lock == null) {
                    throw new IOException(""Can not lock the metadataReport cache file "" + file.getAbsolutePath() + "", ignore and retry later, maybe multi java process use the file, please config: dubbo.metadata.file=xxx.properties"");
                }
                // Save
                try {
                    if (!file.exists()) {
                        file.createNewFile();
                    }

                    Properties tmpProperties;
                    if (!syncReport) {
                        // When syncReport = false, properties.setProperty and properties.store are called from the same
                        // thread(reportCacheExecutor), so deep copy is not required
                        tmpProperties = properties;
                    } else {
                        // Using store method and setProperty method of the this.properties will cause lock contention
                        // under multi-threading, so deep copy a new container
                        tmpProperties = new Properties();
                        Set<Map.Entry<Object, Object>> entries = properties.entrySet();
                        for (Map.Entry<Object, Object> entry : entries) {
                            tmpProperties.setProperty((String) entry.getKey(), (String) entry.getValue());
                        }
                    }

                    try (FileOutputStream outputFile = new FileOutputStream(file)) {
                        tmpProperties.store(outputFile, ""Dubbo metadataReport Cache"");
                    }
                } finally {
                    lock.release();
                }
            }
        } catch (Throwable e) {
            if (version < lastCacheChanged.get()) {
                return;
            } else {
                reportCacheExecutor.execute(new SaveProperties(lastCacheChanged.incrementAndGet()));
            }
            logger.warn(COMMON_UNEXPECTED_EXCEPTION, """", """", ""Failed to save service store file, cause: "" + e.getMessage(), e);
        }
    }","resource of type `java.io.FileOutputStream` acquired by call to `FileOutputStream(...)` at line 200 is not released after line 204.
**Note**: potential exception at line 201",0,True,[],"The lock file `file Locker` remains open after this method ends, indicating an unhandled resource leak. The resource is accessed but not released, which violates best practices for code security. This could lead to unintended side effects or potential bugs in the application."
2,"public void doSaveProperties(long version) {
        if (version < lastCacheChanged.get()) {
            return;
        }
        if (file == null) {
            return;
        }
        // Save
        File lockfile = null;
        try {
            lockfile = new File(file.getAbsolutePath() + "".lock"");
            if (!lockfile.exists()) {
                lockfile.createNewFile();
            }

            try (RandomAccessFile raf = new RandomAccessFile(lockfile, ""rw"");
                 FileChannel channel = raf.getChannel()) {
                FileLock lock = channel.tryLock();
                if (lock == null) {

                    IOException ioException = new IOException(""Can not lock the registry cache file "" + file.getAbsolutePath() + "", "" +
                        ""ignore and retry later, maybe multi java process use the file, please config: dubbo.registry.file=xxx.properties"");

                    // 1-9 failed to read / save registry cache file.
                    logger.warn(REGISTRY_FAILED_READ_WRITE_CACHE_FILE, CAUSE_MULTI_DUBBO_USING_SAME_FILE, """",
                        ""Adjust dubbo.registry.file."", ioException);

                    throw ioException;
                }

                // Save
                try {
                    if (!file.exists()) {
                        file.createNewFile();
                    }

                    Properties tmpProperties;
                    if (syncSaveFile) {
                        // When syncReport = true, properties.setProperty and properties.store are called from the same
                        // thread(reportCacheExecutor), so deep copy is not required
                        tmpProperties = properties;
                    } else {
                        // Using properties.setProperty and properties.store method will cause lock contention
                        // under multi-threading, so deep copy a new container
                        tmpProperties = new Properties();
                        Set<Map.Entry<Object, Object>> entries = properties.entrySet();
                        for (Map.Entry<Object, Object> entry : entries) {
                            tmpProperties.setProperty((String) entry.getKey(), (String) entry.getValue());
                        }
                    }

                    try (FileOutputStream outputFile = new FileOutputStream(file)) {
                        tmpProperties.store(outputFile, ""Dubbo Registry Cache"");
                    }
                } finally {
                    lock.release();
                }
            }
        } catch (Throwable e) {
            savePropertiesRetryTimes.incrementAndGet();

            if (savePropertiesRetryTimes.get() >= MAX_RETRY_TIMES_SAVE_PROPERTIES) {
                if (e instanceof OverlappingFileLockException) {
                    // fix #9341, ignore OverlappingFileLockException
                    logger.info(""Failed to save registry cache file for file overlapping lock exception, file name "" + file.getName());
                } else {
                    // 1-9 failed to read / save registry cache file.
                    logger.warn(REGISTRY_FAILED_READ_WRITE_CACHE_FILE, CAUSE_MULTI_DUBBO_USING_SAME_FILE, """",
                        ""Failed to save registry cache file after retrying "" + MAX_RETRY_TIMES_SAVE_PROPERTIES + "" times, cause: "" + e.getMessage(), e);
                }

                savePropertiesRetryTimes.set(0);
                return;
            }

            if (version < lastCacheChanged.get()) {
                savePropertiesRetryTimes.set(0);
                return;
            } else {
                registryCacheExecutor.schedule(() -> doSaveProperties(lastCacheChanged.incrementAndGet()), DEFAULT_INTERVAL_SAVE_PROPERTIES, TimeUnit.MILLISECONDS);
            }

            if (!(e instanceof OverlappingFileLockException)) {
                logger.warn(REGISTRY_FAILED_READ_WRITE_CACHE_FILE, CAUSE_MULTI_DUBBO_USING_SAME_FILE,
                    ""However, the retrying count limit is not exceeded. Dubbo will still try."",
                    ""Failed to save registry cache file, will retry, cause: "" + e.getMessage(), e);
            }
        } finally {
            if (lockfile != null) {
                if (!lockfile.delete()) {
                    // 1-10 Failed to delete lock file.
                    logger.warn(REGISTRY_FAILED_DELETE_LOCKFILE, """", """",
                        String.format(""Failed to delete lock file [%s]"", lockfile.getName()));
                }
            }
        }
    }","resource of type `java.io.FileOutputStream` acquired by call to `FileOutputStream(...)` at line 261 is not released after line 265.
**Note**: potential exception at line 262",0,fail,fail,"<think>
嗯，我现在需要分析这段Java代码中的潜在资源漏洞。首先，我看到了一段代码：

```java
if (version < lastCacheChanged.get()) {
    return;
}
```

看起来这是判断是否继续执行循环的条件。如果循环中的版本大于等于下一个循环的版本，就会退出循环。

然后是`file == null`这部分，检查文件是否存在。如果不存在，就跳过处理。

接下来是一个try-catch结构，用来捕捉 IOException异常。里面又有一个try块和 finally块：

```java
            try (RandomAccessFile raf = new RandomAccessFile(lockfile, ""rw"");
                 FileChannel channel = raf.getChannel()) {
                // 这里保存Properties到 lockfile 中的 file channel 上
            }
```

然后，文件处理部分：

```java
FileOutputStream outputFile = new FileOutputStream(file);
tmpProperties.store(outputFile, ""Dubbo Registry Cache"");
```

接下来，有一个try-catch再次捕捉IOException，特别是在执行完成后，关闭第三个try-catch：

```java
} finally {
    lock.release();
}
```

看起来这个代码在循环中处理文件，保存到一个特定的lockfile中。在每次循环中，都会先处理regardless of the version是否小于 lastCacheChanged.get()。

但这里有一个问题：当处理完成后，只有在try-catch之后才会关闭第三个try-catch。但是，在循环内部，无论版本条件如何，都执行了三个try-catch。这可能有问题，因为可能需要先处理文件，再关闭所有的try-catch，否则可能会有内存泄漏。

此外，最后一个try-catch没有被加粗，可能需要确认是否所有try-catch都需要添加粗体或其他标记来区分循环的执行和后续的关闭部分。

还有一个问题：如果在try块中没有闭合channel的方法，那么在处理完成后，虽然已经写了文件到lockfile，但 channelChannel 是一个FileChannel，它会继续被打开。这样可能会导致文件写入后，继续打开同一个渠道，可能导致资源被无限维护。

另外，`randomAccessFile`可能无法写入不存在的try channel file，因为 lockfile已经是rhc处理过的。

综合来看，代码中有一个潜在的资源漏洞：在循环内部处理完成后，没有关闭所有try-catch，可能会导致文件持久化或通道保持无法终止。同时，也可能存在多个try-catch的顺序问题。
</think>

```json
{
	""targets"": [],
	""result"": ""Potential resource leak: File channels may not be closed after write."",
	""reason"": ""The code does not ensure proper cleanup of all try-catch blocks, potentially leaving open resource handles.""
}
```"
2,"public void doSaveProperties(long version) {
        if (version < lastCacheChanged.get()) {
            return;
        }
        if (file == null) {
            return;
        }
        // Save
        File lockfile = null;
        try {
            lockfile = new File(file.getAbsolutePath() + "".lock"");
            if (!lockfile.exists()) {
                lockfile.createNewFile();
            }

            try (RandomAccessFile raf = new RandomAccessFile(lockfile, ""rw"");
                 FileChannel channel = raf.getChannel()) {
                FileLock lock = channel.tryLock();
                if (lock == null) {

                    IOException ioException = new IOException(""Can not lock the registry cache file "" + file.getAbsolutePath() + "", "" +
                        ""ignore and retry later, maybe multi java process use the file, please config: dubbo.registry.file=xxx.properties"");

                    // 1-9 failed to read / save registry cache file.
                    logger.warn(REGISTRY_FAILED_READ_WRITE_CACHE_FILE, CAUSE_MULTI_DUBBO_USING_SAME_FILE, """",
                        ""Adjust dubbo.registry.file."", ioException);

                    throw ioException;
                }

                // Save
                try {
                    if (!file.exists()) {
                        file.createNewFile();
                    }

                    Properties tmpProperties;
                    if (syncSaveFile) {
                        // When syncReport = true, properties.setProperty and properties.store are called from the same
                        // thread(reportCacheExecutor), so deep copy is not required
                        tmpProperties = properties;
                    } else {
                        // Using properties.setProperty and properties.store method will cause lock contention
                        // under multi-threading, so deep copy a new container
                        tmpProperties = new Properties();
                        Set<Map.Entry<Object, Object>> entries = properties.entrySet();
                        for (Map.Entry<Object, Object> entry : entries) {
                            tmpProperties.setProperty((String) entry.getKey(), (String) entry.getValue());
                        }
                    }

                    try (FileOutputStream outputFile = new FileOutputStream(file)) {
                        tmpProperties.store(outputFile, ""Dubbo Registry Cache"");
                    }
                } finally {
                    lock.release();
                }
            }
        } catch (Throwable e) {
            savePropertiesRetryTimes.incrementAndGet();

            if (savePropertiesRetryTimes.get() >= MAX_RETRY_TIMES_SAVE_PROPERTIES) {
                if (e instanceof OverlappingFileLockException) {
                    // fix #9341, ignore OverlappingFileLockException
                    logger.info(""Failed to save registry cache file for file overlapping lock exception, file name "" + file.getName());
                } else {
                    // 1-9 failed to read / save registry cache file.
                    logger.warn(REGISTRY_FAILED_READ_WRITE_CACHE_FILE, CAUSE_MULTI_DUBBO_USING_SAME_FILE, """",
                        ""Failed to save registry cache file after retrying "" + MAX_RETRY_TIMES_SAVE_PROPERTIES + "" times, cause: "" + e.getMessage(), e);
                }

                savePropertiesRetryTimes.set(0);
                return;
            }

            if (version < lastCacheChanged.get()) {
                savePropertiesRetryTimes.set(0);
                return;
            } else {
                registryCacheExecutor.schedule(() -> doSaveProperties(lastCacheChanged.incrementAndGet()), DEFAULT_INTERVAL_SAVE_PROPERTIES, TimeUnit.MILLISECONDS);
            }

            if (!(e instanceof OverlappingFileLockException)) {
                logger.warn(REGISTRY_FAILED_READ_WRITE_CACHE_FILE, CAUSE_MULTI_DUBBO_USING_SAME_FILE,
                    ""However, the retrying count limit is not exceeded. Dubbo will still try."",
                    ""Failed to save registry cache file, will retry, cause: "" + e.getMessage(), e);
            }
        } finally {
            if (lockfile != null) {
                if (!lockfile.delete()) {
                    // 1-10 Failed to delete lock file.
                    logger.warn(REGISTRY_FAILED_DELETE_LOCKFILE, """", """",
                        String.format(""Failed to delete lock file [%s]"", lockfile.getName()));
                }
            }
        }
    }","resource of type `java.io.RandomAccessFile` acquired by call to `RandomAccessFile(...)` at line 225 is not released after line 268.
**Note**: potential exception at line 227",0,fail,fail,"<think>
Okay, so I'm trying to figure out how to handle the resource leaks in this Java code. The code is part of a distributed registry system that saves properties for files across multiple processes. It looks like there's a lot going on here with tries and catches, file operations, and some potential issues like overlapping lockfiles.

First, I need to understand what each part does. There are these try-with-resources blocks where different operations are happening. Some parts are trying to read files, others are writing them. The key points seem to be:

1. **File Operations**: They're creating file channels and using FileChannel for writing.
2. **Lock Management**: They're handling locks on a FileChannel in a nested try-with-resources. That makes sense because multiple threads could be accessing the same lockfile, so they need to manage that separately from file operations.
3. **Properties Handling**: There's code where properties are being stored or set using different methods. It seems like there's some logic about whether these should be done in a single thread versus multiple threads.

Now, looking at the exceptions and warnings:

- When trying to read files (like `fileChannel.write(buffer)`), if it fails and causes an error, they log that as a failure.
- If writing fails because of file locking issues, they throw IOException. They have some logging for this too.
- For properties, there's mention of using deep copies versus single thread vs multiple thread approaches, but not sure about the specifics.

But then I see more about how these operations are nested in try-with-resources:

```java
try (FileChannel fileChannel = new FileChannel(file, append).getChannel()) {
    ByteBuffer buffer = ByteBuffer.wrap(content);
    fileChannel.write(buffer);

    return true;
} catch (IOException ioe) {
    // Handle IOException here.
}
```

And within the try block, there's more nested operations:

```java
try (RandomAccessFile raf = new RandomAccessFile(lockfile, ""rw"")).catch(new IOException(ioe))) { ... }
```

This is where they create a FileChannel inside another try-with-resources. That might be to manage locking separately from file access.

But then later in the code:

```java
File lockfile = null;
try (lockfile = new File(file.getAbsolutePath() + "".lock"")) {
    if (!lockfile.exists()) {
        lockfile.createNewFile();
    }
}
```

Wait, this is outside the try-with-resources. So is it possible that multiple threads are accessing `lockfile` without proper synchronization?

If someone is using multiple threads to write to a file channel or use locks in different ways, they might end up with resource leaks because the lock operations aren't properly bounded.

Also, looking at:

```java
FileChannel channel = raf.getChannel();
```

This creates a FileChannel instance inside another try-with-resources. That's to make sure that any subsequent writes don't interfere or cause leaks because the write operation isn't being captured by the file's lock.

But what about properties? They use `Properties tmpProperties` and store them on an `OutputFile`. If the way they're handling these operations in a single thread could lead to issues when multiple threads are accessing different parts of the system, that might cause resource leaks.

I think one key point is how the locking and file writing operations are nested within try-with-resources. They have separate locks for locking and file writing. But if some other part of the code is using these lockfiles without proper synchronization or multiple times on the same file, it could cause leaks.

Another thing to consider is that properties might not be set correctly when read by multiple threads or from different processes. For example, in `Properties tmpProperties` being stored on an OutputFile. If they're not properly handling the state across multiple reads, it might lead to resource leaks.

Also, there's some mention of the `RegistryCacheExecutor.schedule` method with retry times and intervals. Maybe if this is called without proper synchronization or if some resources aren't being held in a lock, it could cause locks to be released prematurely, leading to leaks.

I need to think about how these operations are used within different methods:

- The doSaveProperties method uses a lockfile.
- Properties are stored on another OutputFile when syncReport is true.
- There's a retry mechanism with MAX_RETRY_TIMES_save_PROPERTIES.
- It seems like some of these could be causing multiple write operations across the same file or using lockfiles in a way that isn't properly bounded.

So, to summarize my thoughts:

1. **Nested Try-With-resources**: This helps manage the lockfile separately from file access and writing, which is good for preventing resource leaks but might not cover all cases.

2. **Property Handling**: Using different methods to store properties could lead to issues if these operations aren't properly synchronized across multiple threads or processes.

3. **Reentrancy Issues**: If any part of the code calls `lockfile.write(buffer)` without a lock, it could cause file writing leaks because write operations are not bounded by locks.

4. **Reg retrieval and restore**: Not sure about this part, but maybe when retrieving data from a distributed cache using multiple threads or processes, it could lead to resource leaks.

Given that the code is part of an asynchronous system, I think some key areas where resources might leak include:

- **Multiple writes per file on the same write operation**: The lockfiles are written in separate tries-with-resources blocks, but if not all files are within these boundaries properly, this could allow writes to multiple file channels without proper locking.

- **Reading from OutputFile after storage**: If some properties are stored and later read back across different processes, it might cause issues with reordering or improper handling of the data.

- **Using lockfiles when not intended**: The code uses a lockfile for writing but doesn't always handle its access properly. Maybe if a property is stored on an OutputFile that's accessed by multiple threads without proper synchronization, this could lead to leaks.

So, I think the main areas where resource leaks might occur are:

1. **Not All Lockfiles Bounded**: If some files or lockfiles aren't within try-with-resources blocks when they should be, their writes and reads wouldn't be properly bounded, leading to leaks.

2. **Inadequate Synchronization for Outputs**: The OutputFile is used to store properties but isn't always held in a lockfile. This might cause issues if the OutputFile's access or write operations are not properly synchronized with other parts of the system.

3. **Reentrancy or Revertency Issues**: Some code blocks use try-with-resources, which manage their own locks, but without reentrancy or proper rethrowing logic for exceptions, it could lead to resource leaks when multiple threads interfere.

I also notice that there's a `try` block where an exception is caught if the fileChannel writes successfully. That seems okay because they catch IOExceptions and log them.

In terms of properties, if the same OutputFile isn't properly held in a lockfile and accessed by other parts of the system across multiple threads or processes, this could lead to issues like writing to the OutputFile without being bounded, which would leak resources.

So, putting it all together, I think some resource leaks might occur due to:

- Not all necessary files or lockfiles are within try-with-resources blocks.
- Properties stored on OutputFiles aren't properly held in a lockfile and accessed by multiple threads.
- The retry logic isn't rethrowing the exception if an error occurs, leading to potential leaks.
- Nested operations without proper synchronization.

I might need to look at specific lines of code or add more try-with-resources blocks where necessary to ensure that all writes are properly bounded by locks. Also, ensuring that OutputFiles are held in lockfiles would help prevent resource leaks when properties are stored and accessed across multiple threads.
</think>

The provided Java code snippet contains several nested `try-with-resources` constructs which aim to manage file operations and locking separately from file access and writing. However, there are potential resource leak vulnerabilities due to the following issues:

1. **Inadequate Synchronization for Output Files**: The `OutputFile` used to store properties is not enclosed within a `try-with-resources`. This could lead to improper handling of the file's state across multiple threads, causing resource leaks.

2. **Multiple writes per file channel without proper locking**: Although each file channel is managed with its own lockfile, accessing or writing to this file channel may still allow multiple writes to the same file without being properly bounded by a lock.

3. **Reentrancy Issues in Property Handling**: The nested operations might not ensure that property storage and retrieval are properly synchronized across different threads or processes, leading to resource leaks when properties are stored on an `OutputFile` after being read from elsewhere.

4. **Retrying Without Synchronization**: The retry mechanism with `MAX_RETRY_TIMES_save_PROPERTIES` uses a loop but does not rethrow exceptions unless they occur within the same thread, potentially leading to resource leaks if multiple threads or processes interfere.

To fix these issues, consider the following changes:

- Add explicit `try-with-resources` blocks for all necessary files and lockfiles.
- Ensure that any OutputFile is enclosed within a `try-with-resources` block when it's accessed by other parts of the system.
- Adjust the retry logic to rethrow exceptions with specific error codes if appropriate.

By properly managing access and holding OutputFiles in a lockfile, these changes can prevent resource leaks and ensure thread-safety."
2,"public long writeFrom(Readable readable) throws IOException {
    checkNotNull(readable);

    Closer closer = Closer.create();
    try {
      Writer out = closer.register(openStream());
      long written = CharStreams.copy(readable, out);
      out.flush(); // https://code.google.com/p/guava-libraries/issues/detail?id=1330
      return written;
    } catch (Throwable e) {
      throw closer.rethrow(e);
    } finally {
      closer.close();
    }
  }","resource of type `com.google.common.io.TestCharSink$1` acquired by call to `openStream()` at line 180 is not released after line 184.
**Note**: potential exception at line 181",0,true,"['RESOURCE_TYPE', 'CALL_INVOKATION']",resource of type `long` acquired by call to `writeFrom()` at line 82 is not released
2,"public <T extends @Nullable Object> T readLines(LineProcessor<T> processor) throws IOException {
    checkNotNull(processor);

    Closer closer = Closer.create();
    try {
      Reader reader = closer.register(openStream());
      return CharStreams.readLines(reader, processor);
    } catch (Throwable e) {
      throw closer.rethrow(e);
    } finally {
      closer.close();
    }
  }",resource of type `java.io.InputStreamReader` acquired by call to `openStream()` at line 371 is not released after line 372.,0,fail,fail,"<think>
Okay, I need to process this Python code and extract the resource tracking warning. Let's break it down.

First, I look for the @@@@ delimiters in each line. The first line is:
@@@@@@@@@@@@@@@@@@@@@@@@@

Next, inside that, there's a comment about reading lines from a processor. After that, there's some code using a reader. The end of the line is:
@@@@@@@@@@@@@@@@@@@@@@@@@

I need to extract the part between @@@@ and the next @@@@.

The function is readLines, which returns a `T` type, where T extends `Nullable<Object>`. So it might return null if something goes wrong.

The code creates a reader using a registered stream. I see `stream()` is used for opening, which suggests some exception handling. If an error occurs during reading lines, it's rethrown.

I'll extract the function name and the type. The function is public, so that's clear.

In the return statement, `CharStreams.readLines(reader, processor);` returns a `String<String>`, not null as nullable objects are usually strings or byte arrays. So `T` can't be `Nullable<Object>` in this case; it would need to return a string, not a null nullable.

But looking at the code, the function signature is:
public <T extends @Nullable Object> T readLines...

So maybe there's a misunderstanding here. Maybe it should be returning a String or another nullable type.

However, based on the provided code, I'll extract what's between @@@@ and the next @@@@.
</think>

```json
{
    ""targets"": [""public"", ""readLines""],
    ""result"": ""True"",
    ""explanation"": ""public method readLines which returns a String<String> not null. So it is nullable? Wait no, public methods can return non-null values as long as they return the correct type.
}

Wait, in this code:
```java
public <T extends @Nullable Object> T readLines(
    LineProcessor<T> processor) throws IOException {
```
So the method returns a `T` which is a nullable of String<String>? Or maybe not.

But looking at the body:
```java
try (Reader reader = closer.register(openStream());
     return CharStreams.readLines(reader, processor);
) catch (Throwable e) {
    throw closer.rethrow(e);
} finally {
    closer.close();
}
```
So it returns a `String<String>`, which is non-null. So the type T would have to be String<String>, not nullable.

But in the initial parameters, T extends @Nullable Object, but returning a non-nullable object doesn't fit that pattern.

Maybe there's an error here. Perhaps it should return null? But as per the code, it returns a String.

So perhaps the issue is more about the type declaration. The method signature is:

public <T extends @Nullable Object> T readLines(
    LineProcessor<T> processor) throws IOException

But in practice, this function always returns a non-null `String<String>`, so the nullable parameter might be incorrect.

Therefore, maybe the code should return null instead of String<String>, but that would break the type declaration unless there's some magic elsewhere.

Given the current setup, it seems like the resource tracking warning isn't being triggered here. The function doesn't track any resources in this specific way.

So perhaps no warnings are present for this code.

Let me check another line for potential warnings.

Next line:
```java
public static boolean writeFile(File file, byte[] content, boolean append) {
    try (FileChannel fileChannel = new FileOutputStream(file, append).getChannel()) {
        ByteBuffer buffer = ByteBuffer.wrap(content);
        fileChannel.write(buffer);
        return true;
    } catch (IOException ioe) {
        if (ioe.getMessage() != null) {
            String errMsg = ioe.getMessage();
            if (NO_SPACE_CN.equals(errMsg) || NO_SPACE_EN.equals(errMsg) ||
                errMsg.contains(DISK_QUATA_CN) || errMsg
                .contains(DISK_QUATA_EN)) {
                LOGGER.warn(""磁盘满，自杀退出"");
                System.exit(0);
            }
        }
    }
    return false;
}
```
Again, this line doesn't contain any @@@@ delimiters. So no resource tracking warnings here either.

So overall, the provided code does not seem to trigger any resource tracking warnings in this specific way.
```json
{
    ""targets"": [],
    ""result"": ""False"",
    ""explanation"": ""No warnings found for these lines.""
}
```
But I need to make sure my extraction is correct. Let me double-check each line.

First line: `public static boolean writeFile(...)`

Second line: `public <T extends @Nullable Object> T readLines(...)`

Third line: No delimiters, so no warning here.
```json
{
    ""targets"": [""public"", ""readLines""],
    ""result"": ""True"",
    ""explanation"": ""public method readLines which returns a String<String>, not null. So it is nullable? Wait no, public methods can return non-null values as long as they return the correct type.
}

Wait, in this code:
```java
public <T extends @Nullable Object> T readLines(
    LineProcessor<T> processor) throws IOException {
```
So the function returns a `T` which is nullable. But from the body, it's returning a non-null `String<String>`. So type declaration doesn't fit.

But according to the code, it always returns a non-null value, so perhaps there's an error in the parameter type. Maybe T should be String<String>, but that would break the nullable type.

Alternatively, maybe this function is intended to return null, which isn't shown here. But from the given code, I can't see any resource tracking warnings either.
```
{
    ""targets"": [],
    ""result"": ""False"",
    ""explanation"": ""No warnings found for these lines.""
}
```"
2,"<V extends @Nullable Object, U extends @Nullable Object>
        FluentFuture<U> applyAsyncClosingFunction(
            AsyncClosingFunction<V, U> transformation, @ParametricNullness V input)
            throws Exception {
      // TODO(dpb): Consider ways to defer closing without creating a separate CloseableList.
      CloseableList newCloseables = new CloseableList();
      try {
        ClosingFuture<U> closingFuture = transformation.apply(newCloseables.closer, input);
        closingFuture.becomeSubsumedInto(newCloseables);
        return closingFuture.future;
      } finally {
        add(newCloseables, directExecutor());
      }
    }","resource of type `com.google.common.util.concurrent.ClosingFuture$CloseableList` acquired by call to `ClosingFuture$CloseableList()` at line 2212 is not released after line 2218.
**Note**: potential exception at line 2215",0,true,"['V', 'U']",Resource V is being used inside a Future or CloseableList. The list's state changes may cause resource sharing between the transformation and the underlying list elements.
2,"public static void display(PrintWriter writer) {
        try {
            File parent = new File(System.getProperty(""user.home""), ""/.ant/caches"");
            File markerFile = getMarkerFile(parent, INSTANCE);
            if (!markerFile.exists()) {
                writer.println(INSTANCE.message);
                markerFile.getParentFile().mkdirs();
                PrintStream out = newPrintStream(new FileOutputStream(markerFile));
                out.println(""1"");
                out.close();
                writeQuietly(markerFile, ""1"");
            } else {
                try {
                    int count = Integer.parseInt(readQuietly(markerFile));
                    if (count < 3) {
                        writer.println(INSTANCE.message);
                    }
                    writeQuietly(markerFile, (count + 1) + """");
                } catch (NumberFormatException e) {
                    writeQuietly(markerFile, ""1"");
                    writer.println(INSTANCE.message);
                }
            }
        } catch (IOException ignored) {
            // noop
        }
    }
",resource of type `java.io.FileOutputStream` acquired by call to `FileOutputStream(...)` at line 56 is not released after line 56.,0,false,[],"This code is clean, and it has no potential resource leakage bugs."
