fold,snippet,warning,buggy,predicted_buggy,predicted_targets,predicted_explanation
4,"public long writeFrom(InputStream input) throws IOException {
    checkNotNull(input);

    Closer closer = Closer.create();
    try {
      OutputStream out = closer.register(openStream());
      long written = ByteStreams.copy(input, out);
      out.flush(); // https://code.google.com/p/guava-libraries/issues/detail?id=1330
      return written;
    } catch (Throwable e) {
      throw closer.rethrow(e);
    } finally {
      closer.close();
    }
  }","resource of type `com.google.common.io.TestByteSink$Out` acquired by call to `openStream()` at line 127 is not released after line 131.
**Note**: potential exception at line 128",0,fail,fail,"<think>
Alright, let me tackle this problem step by step. The user has provided a code snippet and wants to analyze potential resource leakage bugs. 

First, I'll look at the method in question: `public long writeFrom(InputStream input) throws IOException {`. It starts by checking if the input is null, then creates a `Closer` object. Inside the try block, it uses `Closer.register(openStream())` to get an OutputStream, which seems redundant since we're already in the try-finally block.

Next, I'll examine how data is copied from the InputStream to the OutputStream using `ByteStreams.copy(input, out)`. This method isn't standard—it's similar to copying data but might not be properly closed or managed elsewhere. 

Looking at the finally block, it explicitly calls `Closer.close()`, which closes the Closer object created earlier. However, I should check if the underlying stream (the OutputStream obtained from `Closer.register(openStream())`) is being closed in this method.

Since the code doesn't manage resources within the writeFrom method, any streams or resources are not properly managed. This means there's a potential resource leak because the stream isn't closed after use. The `Closer` object and its underlying stream need to be handled more carefully to ensure proper cleanup.
</think>

```json
{
    ""targets"": [
        // The method doesn't manage resources, so it's not considered for resource leakage detection.
        // This analysis is incomplete due to the lack of proper resource management in this method.
    ],
    ""result"": ""False"",
    ""explanation"": ""The writeFrom method does not properly manage resources within a try-finally block. Since no streams or resources are explicitly closed after use, there's no potential resource leakage bug detected.""
}
```"
4,"private <U extends @Nullable Object> ClosingFuture<U> derive(FluentFuture<U> future) {
    ClosingFuture<U> derived = new ClosingFuture<>(future);
    becomeSubsumedInto(derived.closeables);
    return derived;
  }","resource of type `com.google.common.util.concurrent.ClosingFuture$CloseableList` acquired by call to `ClosingFuture(...)` at line 1138 is not released after line 1140.
**Note**: potential exception at line 1139",0,True,"['ClosingFuture<U>', 'CosingFuture<U>']",java.langClosingFuture<U> and java.langCosingFuture<U> acquired a parameter value but not released after.
4,"private <V extends @Nullable Object> V call(
        CombiningCallable<V> combiner, CloseableList closeables) throws Exception {
      beingCalled = true;
      CloseableList newCloseables = new CloseableList();
      try {
        return combiner.call(newCloseables.closer, this);
      } finally {
        closeables.add(newCloseables, directExecutor());
        beingCalled = false;
      }
    }",resource of type `com.google.common.util.concurrent.ClosingFuture$CloseableList` acquired by call to `ClosingFuture$CloseableList()` at line 1185 is not released after line 1189.,0,true,['Nullable'],The object [Nullable] was acquired by reference in a call but could be non-existent.
4,"private static void writeQuietly(File file, String text) {
        try {
            PrintStream out = newPrintStream(new FileOutputStream(file));
            out.println(text);
            out.close();
        } catch (IOException ignored) {
            // ignored
        }
    }",resource of type `java.io.FileOutputStream` acquired by call to `FileOutputStream(...)` at line 81 is not released after line 81.,0,false,[],"The provided code does not appear to have any resource leakage bugs when analyzed using static analysis tools. However, further verification through tools such as SonarQube or JUnitBox would provide more detailed insights into how resources are managed during execution."
4,"private static void writeQuietly(File file, String text) {
        try {
            PrintStream out = newPrintStream(new FileOutputStream(file));
            out.println(text);
            out.close();
        } catch (IOException ignored) {
            // ignored
        }
    }",resource of type `java.io.FileOutputStream` acquired by call to `FileOutputStream(...)` at line 93 is not released after line 93.,0,fail,fail,"<think>
Okay, let me break down how I approached this analysis.

First, the user provided a Java code snippet and instructed on how to format the response. They want the output in JSON with specific fields: targets, result, and explanation. The target resource type is `java.util.stream.PortedPrintStream`, which was obtained by looking at where the class is declared.

I identified that this method was called during logging but wasn't properly closed or released from its resource perspective. The key steps were:

1. **Identify Resource Type**: Since the code uses a PrintStream object, which implements `PrintStream` and isn't closed explicitly, it indicates potential resource leakage.

2. **Determine Call Method**: The method was using `out.println(text);` which prints to standard output, contributing to the leak.

3. **Conclusion on Leaks**: Both the class's type and the print statement were identified as contributing to the resource leak during logging without proper handling or cleanup.

Finally, I structured the JSON response with these details.
</think>

```json
{
    ""targets"": [""java.util.stream.PortedPrintStream""],
    ""result"": false,
    ""explanation"": ""private static void writeQuietly(File file, String text) {
        try {
            PrintStream out = newPrintStream(new FileOutputStream(file));
            out.println(text);
            out.close();
        } catch (IOException ignored) { // ignored
    } }
    The method uses a `PortedPrintStream` object, which is declared by `java.util.stream.PortedPrintStream`, and prints to standard output. This indicates that the class's type (`java.util.stream.PortedPrintStream`) and the print statement contribute to potential resource leakage bugs.""
}
```"
4,"public static String readFile(File file) {
        try (FileChannel fileChannel = new FileInputStream(file).getChannel()) {
            StringBuilder text = new StringBuilder();
            ByteBuffer buffer = ByteBuffer.allocate(4096);
            CharBuffer charBuffer = CharBuffer.allocate(4096);
            while (fileChannel.read(buffer) != -1) {
                buffer.flip();
                DECODER.decode(buffer, charBuffer, false);
                charBuffer.flip();
                while (charBuffer.hasRemaining()) {
                    text.append(charBuffer.get());
                }
                buffer.clear();
                charBuffer.clear();
            }
            return text.toString();
        } catch (IOException e) {
            return null;
        }
    }",resource of type `java.io.FileInputStream` acquired by call to `FileInputStream(...)` at line 183 is not released after line 198.,0,fail,fail,"<think>
Okay, let me try to figure out what's going on here. The user provided a Java method called `public static String readFile(File file)` and asked for an analysis of potential resource leakage bugs.

First, I need to look at the code inside the method. It starts by creating a FileChannel from a FileInputStream, then initializes some byte arrays: buffer and charBuffer, each with a size of 4096 bytes. Then there's a while loop that reads from the file channel into the buffer until it can't read anymore.

Inside the loop, the code decodes the buffer into a CharBuffer and appends parts of it to the text StringBuilder. After decoding, both charBuffer and buffer are cleared. However, I notice that after processing each chunk of data, the code clears the charBuffer but doesn't do anything with the buffer. Wait, no, the charBuffer is allocated at the start of the method, so if the method starts by allocating it again inside the try block, maybe there's an issue.

But looking back, the method declares charBuffer and initializes it within the try block. So that shouldn't be a problem. The main thing here is whether any resources are being freed up unexpectedly. In this case, the method uses bytearrays (I think because they're allocated at start), which are local variables inside the method, so their lifespans are tied to the method's execution.

Wait, but if the method ends with a return statement, does that mean it's closing any file channels? Let me check: after reading from the fileChannel into buffer, the code clears both buffer and charBuffer. But where is the file channel being closed? The code only reads from the channel. So unless the FileChannel has a close method, which in Java usually doesn't, there's no guarantee that the channel itself will be closed.

In Java, when you have an InputStream or a similar resource, it's typically wrapped and managed by the System.out context or other methods to ensure proper closing. In this code, though, the FileChannel is created but not closed, which could mean that the underlying stream isn't being properly managed. This could lead to resource leaks because the file channel might be left open and unclosed elsewhere.

Additionally, the method doesn't close any resources it has allocated. The charBuffer is used within the method's processing, so if this buffer gets discarded after use, but in reality, the code appends parts of it to text before clearing both buffer and charBuffer after each iteration. So unless there are cases where some data from the FileChannel isn't being handled properly, maybe that's not an issue.

Wait, another thought: when you read into a ByteBuffer using fileChannel.read(buffer), this is happening inside the method. But if the file is closed before this happens, or if the file channel has already been used elsewhere, then closing it here might cause it to be left open and unclosed, leading to resource leaks.

So putting it all together, the key potential resource leak could be that the FileChannel isn't being properly managed with context. Even though the charBuffer is closed after each iteration, if the file channel isn't closed explicitly, it's possible that it remains open and not closed elsewhere. This would lead to a resource leakage because the channel was used but never closed.

Another angle: even though the code doesn't close the FileChannel directly, other methods might have expectations about how the context is managed for resources. Without proper management, any unclosed channels could leak resources into the program's memory, causing unexpected behavior or resource exhaustion.

So, considering all this, I think the method could be a resource leakage candidate because it doesn't properly manage the FileChannel using appropriate context methods, which are meant to ensure that resources are closed after their use. Additionally, if any other parts of the code handle the file channel differently, it might still leak.
</think>

```json
{
	""targets"": [""FileChannel""],  // Potential resource leak: FileChannel may not be properly closed.
	""result"": ""True"",        // The analysis suggests a possible resource leakage bug due to improper handling of FileChannel.
	""explanation"": ""The method does not explicitly close the FileChannel. Without proper context management, this could lead to resource leaks where resources are left open and unclosed.""
}
```"
