fold,snippet,warning,buggy,predicted_buggy,predicted_targets,predicted_explanation
1,"private void executeForSdkArchive() {
    try (TempDirectory tempDir = new TempDirectory(getClass().getSimpleName());
        ZipFile asarZip = new ZipFile(getSdkArchivePath().get().toFile())) {
      Path modulesPath = tempDir.getPath().resolve(EXTRACTED_SDK_MODULES_FILE_NAME);
      try (ZipFile modulesZip = getModulesZip(asarZip, modulesPath)) {
        SdkAsarValidator.validateModulesFile(modulesZip);
        SdkAsar sdkAsar = SdkAsar.buildFromZip(asarZip, modulesZip, modulesPath);
        generateAppApks(sdkAsar.getModule(), tempDir);
      }
    } catch (ZipException e) {
      throw CommandExecutionException.builder()
          .withInternalMessage(""ASAR is not a valid zip file."")
          .withCause(e)
          .build();
    } catch (IOException e) {
      throw new UncheckedIOException(""An error occurred when processing the SDK archive."", e);
    }
  }","resource of type `java.util.zip.ZipFile` acquired by call to `ZipFile(...)` at line 341 is not released after line 353.
**Note**: potential exception at line 343",1,true,"['TempDirectory', 'ZipFile', 'SdkAsarValidator']","The method uses a context manager to process files and utilities that handle the extraction of modules and validation of the SDK archive. Each step acquires resources but does not release them after processing, consistent with typical file handling practices."
1,"private boolean softKill(int processId) {

        if (processId != 0 && process.isAlive()) {
            try {
                // sudo -u user command to run command
                String cmd = String.format(""kill %d"", processId);
                cmd = OSUtils.getSudoCmd(taskRequest.getTenantCode(), cmd);
                logger.info(""soft kill task:{}, process id:{}, cmd:{}"", taskRequest.getTaskAppId(), processId, cmd);

                Runtime.getRuntime().exec(cmd);
            } catch (IOException e) {
                logger.info(""kill attempt failed"", e);
            }
        }

        return process.isAlive();
    }",resource of type `java.lang.Process` acquired by call to `exec(...)` at line 258 is not released after line 258.,1,true,"['RESOURCE_TYPE', 'JAVA.lang.Runtime']",resource of type `java.util.Runtime` acquired by call to `Runtime.getRuntime()` at line 328 is not released after line 328.
1,"public Page handle(URL url) {
        long size = 0;
        String content = """";
        String modified = ""Not exist"";
        if (file != null && file.exists()) {
            try {
                FileInputStream fis = new FileInputStream(file);
                FileChannel channel = fis.getChannel();
                size = channel.size();
                ByteBuffer bb;
                if (size <= SHOW_LOG_LENGTH) {
                    bb = ByteBuffer.allocate((int) size);
                    channel.read(bb, 0);
                } else {
                    int pos = (int) (size - SHOW_LOG_LENGTH);
                    bb = ByteBuffer.allocate(SHOW_LOG_LENGTH);
                    channel.read(bb, pos);
                }
                bb.flip();
                content = new String(bb.array()).replace(""<"", ""&lt;"")
                        .replace("">"", ""&gt;"").replace(""\n"", ""<br/><br/>"");
                modified = new SimpleDateFormat(""yyyy-MM-dd HH:mm:ss"")
                        .format(new Date(file.lastModified()));
            } catch (IOException e) {
            }
        }
        Level level = LogManager.getRootLogger().getLevel();
        List<List<String>> rows = new ArrayList<List<String>>();
        List<String> row = new ArrayList<String>();
        row.add(content);
        rows.add(row);
        return new Page(""Log"", ""Log"", new String[]{(file == null ? """" : file.getName()) + "", "" + size + "" bytes, "" + modified + "", "" + level}, rows);
    }",resource of type `java.io.FileInputStream` acquired by call to `FileInputStream(...)` at line 78 is not released after line 84.,1,false,[],This code does not contain any potential resource leak bugs. The file is read but not consumed beyond reading its content into a ByteBuffer.
1,"private static void tryFileLock(FileCacheStore.Builder builder, String fileName) throws PathNotExclusiveException {
        File lockFile = new File(fileName + "".lock"");

        FileLock dirLock;
        try {
            lockFile.createNewFile();
            if (!lockFile.exists()) {
                throw new AssertionError(""Failed to create lock file "" + lockFile);
            }
            FileChannel lockFileChannel = new RandomAccessFile(lockFile, ""rw"").getChannel();
            dirLock = lockFileChannel.tryLock();
        } catch (OverlappingFileLockException ofle) {
            dirLock = null;
        } catch (IOException ioe) {
            throw new RuntimeException(ioe);
        }

        if (dirLock == null) {
            throw new PathNotExclusiveException(fileName + "" is not exclusive. Maybe multiple Dubbo instances are using the same folder."");
        }

        lockFile.deleteOnExit();
        builder.directoryLock(dirLock).lockFile(lockFile);
    }

    static void removeCache(String cacheFileName) {
        cacheMap.remove(cacheFileName);
    }",resource of type `java.io.RandomAccessFile` acquired by call to `RandomAccessFile(...)` at line 180 is not released after line 181.,1,True,"[['RESOURCE_TYPE', 'FileCacheStore'], ['CALL_INVOKATION', 'tryFileLock']]",file cache store filelock file null check at line 304 is not released after line 315 and at exit line 326.
1,"public String readUTF() throws IOException {
    return new DataInputStream(in).readUTF();
  }",resource of type `java.io.DataInputStream` acquired by call to `new()` at line 180 is not released after line 180.,1,true,"['RESOURCE_TYPE', 'CALL_INVOKATION']",resource of type `java.io.DataInputStream` acquired by call to `new DataInputStream(in).readUTF()` at line 213.
1,"public Class<?> loadFinalizer() {
      try {
        /*
         * We use URLClassLoader because it's the only concrete class loader implementation in the
         * JDK. If we used our own ClassLoader subclass, Finalizer would indirectly reference this
         * class loader:
         *
         * Finalizer.class -> CustomClassLoader -> CustomClassLoader.class -> This class loader
         *
         * System class loader will (and must) be the parent.
         */
        ClassLoader finalizerLoader = newLoader(getBaseUrl());
        return finalizerLoader.loadClass(FINALIZER_CLASS_NAME);
      } catch (Exception e) {
        logger.log(Level.WARNING, LOADING_ERROR, e);
        return null;
      }
    }",resource of type `java.net.URLClassLoader` acquired by call to `newLoader(...)` at line 298 is not released after line 299.,1,true,"['ClassLoader', 'FileLoader']",No resource was modified after its release. This code is clean.
1,"public static TeredoInfo getTeredoInfo(Inet6Address ip) {
    checkArgument(isTeredoAddress(ip), ""Address '%s' is not a Teredo address."", toAddrString(ip));

    byte[] bytes = ip.getAddress();
    Inet4Address server = getInet4Address(Arrays.copyOfRange(bytes, 4, 8));

    int flags = ByteStreams.newDataInput(bytes, 8).readShort() & 0xffff;

    // Teredo obfuscates the mapped client port, per section 4 of the RFC.
    int port = ~ByteStreams.newDataInput(bytes, 10).readShort() & 0xffff;

    byte[] clientBytes = Arrays.copyOfRange(bytes, 12, 16);
    for (int i = 0; i < clientBytes.length; i++) {
      // Teredo obfuscates the mapped client IP, per section 4 of the RFC.
      clientBytes[i] = (byte) ~clientBytes[i];
    }
    Inet4Address client = getInet4Address(clientBytes);

    return new TeredoInfo(server, client, port, flags);
  }",resource of type `java.io.DataInputStream` acquired by call to `newDataInput(...)` at line 752 is not released after line 752.,1,false,[],"The method does not directly access any physical resources like files, streams, or memory. It reads bytes from the address space and processes them through operations that are allowed by Java's data manipulation capabilities without introducing any resource dependencies."
1,"protected PrintWriter createTracer() throws MojoExecutionException {
        try {
            java.nio.file.Files.createDirectories(outputDirectory.toPath());
            return newPrintWriter(new FileOutputStream(outputDirectory.toPath().resolve(""trace.log"").toFile()));
        } catch (IOException e) {
            throw new MojoExecutionException(""Could not initialize trace file"", e);
        }
    }",resource of type `java.io.FileOutputStream` acquired by call to `FileOutputStream(...)` at line 156 is not released after line 156.,1,True,['java.lang.String'],resource of type java.lang.String acquired by call to newPrintWriter at line 328 is not released afterward.
1,"public static PlaywrightImpl create(CreateOptions options) {
    try {
      Map<String, String> env = Collections.emptyMap();
      if (options != null && options.env != null) {
        env = options.env;
      }
      Path driver = Driver.ensureDriverInstalled(env);
      ProcessBuilder pb = new ProcessBuilder(driver.toString(), ""run-driver"");
      pb.redirectError(ProcessBuilder.Redirect.INHERIT);
      pb.environment().putAll(env);
      Process p = pb.start();
      Connection connection = new Connection(new PipeTransport(p.getInputStream(), p.getOutputStream()));
      PlaywrightImpl result = (PlaywrightImpl) connection.waitForObjectWithKnownName(""Playwright"");
      result.driverProcess = p;
      result.initSharedSelectors(null);
      return result;
    } catch (IOException e) {
      throw new PlaywrightException(""Failed to launch driver"", e);
    }
  }","resource of type `java.io.DataInputStream` acquired by call to `PipeTransport(...)` at line 44 is not released after line 44.
**Note**: potential exception at line 44",1,False,[],"The code uses PlaywrightImpl correctly by explicitly managing the connection, but there are no resources that were created without explicit closure after use."
1,"public Path execute() {
    validateInput();

    try (ZipFile bundleZip = new ZipFile(getSdkBundlePath().toFile())) {
      TempDirectory tempDir = new TempDirectory(getClass().getSimpleName());
      SdkBundleValidator bundleValidator = SdkBundleValidator.create();
      bundleValidator.validateFile(bundleZip);

      Path modulesPath = tempDir.getPath().resolve(SDK_MODULES_FILE_NAME);
      try (ZipFile modulesZip = getModulesZip(bundleZip, modulesPath)) {
        bundleValidator.validateModulesFile(modulesZip);
        SdkBundle sdkBundle =
            SdkBundle.buildFromZip(bundleZip, modulesZip, PLACEHOLDER_VERSION_CODE);
        bundleValidator.validate(sdkBundle);

        DaggerBuildSdkAsarManagerComponent.builder()
            .setBuildSdkAsarCommand(this)
            .setSdkBundle(sdkBundle)
            .build()
            .create()
            .execute(modulesPath);
      }
    } catch (ZipException e) {
      throw InvalidBundleException.builder()
          .withCause(e)
          .withUserMessage(""The SDK Bundle is not a valid zip file."")
          .build();
    } catch (IOException e) {
      throw new UncheckedIOException(""An error occurred when validating the Sdk Bundle."", e);
    }

    return getOutputFile();
  }",resource of type `com.android.tools.build.bundletool.io.TempDirectory` acquired by call to `new()` at line 115 is not released after line 119.,0,fail,fail,"<think>
Alright, let me break this down. The user provided another code snippet and asked for a similar analysis as before. So, I need to go through each line of the Java code and look for potential resource leaks.

Starting with the `validateInput()` method. It seems fine, no obvious resource issues here. Then there's the try block opening. Inside, they create a new `ZipFile` instance from a zip file path. That makes sense because you can't use this without proper imports.

Next is the creation of `TempDirectory`. I remember that if `TempDirectory` is defined in the project, it should have an import statement like `import java.util temporization;`. Without that, any reference to `TempDirectory` would cause a resource leak. So, I need to make sure that's imported.

Then there's another try block inside the zipFile handling. They create `ModulesZip` with parameters and call `SdkBundle.validateModulesFile(modulesZip)`. If `SdkBundle` and `ModulesZip` are properly initialized with necessary imports, this should be okay. But if any of these classes aren't imported correctly, that could cause a resource leak.

The code then builds the SDK bundle from both the zip file and modules zip paths and calls `bundleValidator.validate(sdkBundle)`. Again, ensuring that all relevant classes and methods have proper imports is crucial to prevent leaks.

After validation, they create an empty list called `modulesPath` using the temp directory. That doesn't seem resource-leaking on its own unless there are issues with how `modulesPath` is used elsewhere in the code.

Looking at the constructor of the `ModulesZip` object, I notice that it has an explicit constructor which takes a `TempDirectory`. If no import is present for the `java.util temporization` class and if any part of the code uses `TempDirectory`, this could cause a resource leak. But unless there's a usage beyond what's shown, maybe not yet.

Then, they call `.getModulesZip bundleZip)`. Again, without an appropriate import or use case for `TempDirectory`, it might be causing a resource leak if not properly managed elsewhere in the code.

Finally, they create the SDKBundle with a placeholder path. This seems straightforward unless there are multiple calls to the constructor where `modulePath` is used beyond what's provided, which would indicate a potential leak.

I should note that without seeing all the lines of the code after these blocks, it's hard to determine if any resources are being accessed or modified while not having import statements for the involved classes. Proper resource management depends on correctly importing and managing dependencies like `java.util temporization` in this context.
</think>

Looking at the provided Java code, I don't see any resource leaks. Let me explain why:

1. **Imported Resources:**
   - The `TempDirectory` class is used without an import statement. If it's not imported correctly, accessing or modifying its contents will cause a resource leak.

2. **Module Management:**
   - When creating the `ModulesZip`, you need to ensure that all necessary imports (e.g., `java.util temporization`) are present in your project.
   - Accessing module paths from `TempDirectory` can be problematic if not handled properly, especially after initialization.

3. **Dependencies:**
   - The use of classes like `SdkBundle`, `ZipFile`, and `ModulesZip` suggests proper imports should be present throughout the codebase to prevent resource leaks.
   - Accessing these classes without importing them will cause a resource leak.

4. **Resource Management:**
   - If there are multiple accesses or uses of `TempDirectory` beyond what's shown, it could lead to a resource leak if not properly managed elsewhere in the code.

Overall, your code looks safe for now. Let me know if you'd like further review of specific components!"
1,"public void execute() throws TimeoutException, IOException {
    validateInput();

    AdbServer adbServer = getAdbServer();
    adbServer.init(getAdbPath());

    try (TempDirectory tempDirectory = new TempDirectory()) {
      DeviceAnalyzer deviceAnalyzer = new DeviceAnalyzer(adbServer);
      DeviceSpec deviceSpec = deviceAnalyzer.getDeviceSpec(getDeviceId());
      Device device = deviceAnalyzer.getAndValidateDevice(getDeviceId());

      if (getTimeout().isPresent()
          && !device.getVersion().isGreaterOrEqualThan(Versions.ANDROID_S_API_VERSION)) {
        throw InvalidCommandException.builder()
            .withInternalMessage(
                ""'%s' flag is supported for Android 12+ devices."", TIMEOUT_MILLIS_FLAG.getName())
            .build();
      }

      Path aapt2Dir = tempDirectory.getPath().resolve(""aapt2"");
      Files.createDirectory(aapt2Dir);
      Supplier<Aapt2Command> aapt2CommandSupplier =
          Suppliers.memoize(() -> getOrExtractAapt2Command(aapt2Dir));

      ImmutableMap<String, InstalledPackageInfo> existingPackages =
          getPackagesInstalledOnDevice(device);

      ImmutableList<PackagePathVersion> installableApksFilesWithBadgingInfo =
          getActualApksPaths(tempDirectory).stream()
              .flatMap(
                  apksArchivePath ->
                      stream(
                          apksWithPackageName(apksArchivePath, deviceSpec, aapt2CommandSupplier)))
              .filter(apks -> shouldInstall(apks, existingPackages))
              .collect(toImmutableList());

      ImmutableList<PackagePathVersion> apkFilesToInstall =
          uniqueApksByPackageName(installableApksFilesWithBadgingInfo).stream()
              .flatMap(
                  apks ->
                      extractApkListFromApks(
                          deviceSpec,
                          apks,
                          Optional.ofNullable(existingPackages.get(apks.getPackageName())),
                          tempDirectory)
                          .stream())
              .collect(toImmutableList());
      ImmutableListMultimap<String, String> apkToInstallByPackage =
          apkFilesToInstall.stream()
              .collect(
                  toImmutableListMultimap(
                      PackagePathVersion::getPackageName,
                      packagePathVersion ->
                          packagePathVersion.getPath().toAbsolutePath().toString()));

      if (apkFilesToInstall.isEmpty()) {
        logger.warning(""No packages found to install! Exiting..."");
        return;
      }

      AdbCommand adbCommand = getOrCreateAdbCommand();
      ImmutableList<String> commandResults =
          adbCommand.installMultiPackage(
              apkToInstallByPackage, getStaged(), getEnableRollback(), getTimeout(), getDeviceId());
      logger.info(String.format(""Output:\n%s"", String.join(""\n"", commandResults)));
      logger.info(""Please reboot device to complete installation."");
    }
  }","resource of type `com.android.tools.build.bundletool.io.TempDirectory` acquired to `tempDirectory` by call to `TempDirectory()` at line 222 is not released after line 222.
**Note**: potential exception at line 225",0,True,"[' Acquired package path...', ' Not released after...']",This code has a potential resource leakage based on the following logging messages from Android's ADB commands: 1. 'Acquired' logs that a path was accessed but not freed afterward 2. 'Not released' logs that the access to a package or path wasn't properly released
1,"private static Optional<PackagePathVersion> apksWithPackageName(
      Path apksArchivePath, DeviceSpec deviceSpec, Supplier<Aapt2Command> aapt2CommandSupplier) {
    try (TempDirectory tempDirectory = new TempDirectory()) {
      // Any of the extracted .apk/.apex files will work.
      Path extractedFile =
          ExtractApksCommand.builder()
              .setApksArchivePath(apksArchivePath)
              .setDeviceSpec(deviceSpec)
              .setOutputDirectory(tempDirectory.getPath())
              .build()
              .execute()
              .get(0);

      BadgingInfo badgingInfo =
          BadgingInfoParser.parse(aapt2CommandSupplier.get().dumpBadging(extractedFile));
      return Optional.of(
          PackagePathVersion.create(
              apksArchivePath, badgingInfo.getPackageName(), badgingInfo.getVersionCode()));
    } catch (IncompatibleDeviceException e) {
      logger.warning(
          String.format(
              ""Unable to determine package name of %s, as it is not compatible with the attached""
                  + "" device. Skipping."",
              apksArchivePath));
      return Optional.empty();
    }
  }","resource of type `com.android.tools.build.bundletool.io.TempDirectory` acquired by call to `TempDirectory()` at line 350 is not released after line 366.
**Note**: potential exception at line 357",0,false,[],"This code is clean, and it has no potential resource leakage bugs."
1,"public Path execute() {
    validateInput();

    Path outputDirectory =
        getOutputFormat().equals(APK_SET) ? getOutputFile().getParent() : getOutputFile();
    if (outputDirectory != null && Files.notExists(outputDirectory)) {
      logger.info(""Output directory '"" + outputDirectory + ""' does not exist, creating it."");
      FileUtils.createDirectories(outputDirectory);
    }

    try (TempDirectory tempDir = new TempDirectory(getClass().getSimpleName());
        ZipFile bundleZip = new ZipFile(getBundlePath().toFile());
        Closer closer = Closer.create()) {
      AppBundleValidator bundleValidator = AppBundleValidator.create(getExtraValidators());
      bundleValidator.validateFile(bundleZip);

      AppBundle appBundle = AppBundle.buildFromZip(bundleZip);
      bundleValidator.validate(appBundle);
      ImmutableMap<String, BundleModule> sdkBundleModules =
          getValidatedSdkModules(closer, tempDir, appBundle);

      AppBundlePreprocessorManager appBundlePreprocessorManager =
          DaggerAppBundlePreprocessorComponent.builder()
              .setBuildApksCommand(this)
              .setSdkBundleModules(sdkBundleModules)
              .build()
              .create();
      AppBundle preprocessedAppBundle = appBundlePreprocessorManager.processAppBundle(appBundle);

      BuildApksManager buildApksManager =
          DaggerBuildApksManagerComponent.builder()
              .setBuildApksCommand(this)
              .setTempDirectory(tempDir)
              .setAppBundle(preprocessedAppBundle)
              .build()
              .create();
      buildApksManager.execute();
    } catch (ZipException e) {
      throw InvalidBundleException.builder()
          .withCause(e)
          .withUserMessage(""The App Bundle is not a valid zip file."")
          .build();

    } catch (IOException e) {
      throw new UncheckedIOException(""An error occurred when processing the App Bundle."", e);
    } finally {
      if (isExecutorServiceCreatedByBundleTool()) {
        getExecutorService().shutdown();
      }
    }

    return getOutputFile();
  }","resource of type `com.android.tools.build.bundletool.io.TempDirectory` acquired by call to `new()` at line 897 is not released after line 924.
**Note**: potential exception at line 898",0,true,"['java.io<File', 'FileOutputStream']",resource of type `java.io<File` acquired by call to FileOutputStream(...) at line 328 is not released after line 327.
1,"private void upgradeDolphinSchedulerDDL(String schemaDir, String scriptFile) {
        Resource sqlFilePath = new ClassPathResource(String.format(""sql/upgrade/%s/%s/%s"", schemaDir, getDbType().name().toLowerCase(), scriptFile));
        Connection conn = null;
        PreparedStatement pstmt = null;
        try {
            conn = dataSource.getConnection();
            String dbName = conn.getCatalog();
            logger.info(dbName);
            conn.setAutoCommit(true);
            // Execute the dolphinscheduler ddl.sql for the upgrade
            ScriptRunner scriptRunner = new ScriptRunner(conn, true, true);
            Reader sqlReader = new InputStreamReader(sqlFilePath.getInputStream());
            scriptRunner.runScript(sqlReader);

        } catch (FileNotFoundException e) {

            logger.error(e.getMessage(), e);
            throw new RuntimeException(""sql file not found "", e);
        } catch (Exception e) {
            logger.error(e.getMessage(), e);
            throw new RuntimeException(e.getMessage(), e);
        } finally {
            ConnectionUtils.releaseResource(pstmt, conn);
        }
    }",resource of type `java.io.InputStreamReader` acquired by call to `new()` at line 360 is not released after line 361.,0,fail,fail,"<think>
Okay, so I'm trying to figure out how to detect resource leakage bugs in this Java code. The user provided an example where they used `@SuppressWarnings(""unchecked"")` in their code. They also gave a warning message generated by the static analyzer.

First, I need to understand what a resource is being leaked here. In Java, resources include things like threads, file handles, and memory regions. When you use `@SuppressWarnings(unchecked)`, it doesn't actually change how the resource is declared or used; it just tells the compiler that some resource information might not be available.

Looking at the code provided:

```java
private void upgradeDolphinSchedulerDDL(String schemaDir, String scriptFile) {
    Resource sqlFilePath = new ClassPathResource(String.format(""sql/upgrade/%s/%s/%s"", schemaDir, getDbType().name().toLowerCase(), scriptFile));
    Connection conn = null;
    PreparedStatement pstmt = null;
    try {
        conn = dataSource.getConnection();
        String dbName = conn.getCatalog();
        logger.info(dbName);
        conn.setAutoCommit(true);
            // Execute the dolphinscheduler ddl.sql for the upgrade
            ScriptRunner scriptRunner = new ScriptRunner(conn, true, true);
            Reader sqlReader = new InputStreamReader(sqlFilePath.getInputStream());
            scriptRunner.runScript(sqlReader);

    } catch (FileNotFoundException e) {

        logger.error(e.getMessage(), e);
        throw new RuntimeException(""sql file not found "", e);
    } catch (Exception e) {
        logger.error(e.getMessage(), e);
        throw new RuntimeException(e.getMessage(), e);
    } finally {
        ConnectionUtils.releaseResource(pstmt, conn);
    }
}
```

I notice that the `sqlFilePath` is created using `ClassPathResource`, which declares itself to be an unchecked class. This means that even though it's declared as a resource, it won't cause any issues for the compiler.

In Java 8 and above, I can use `@SuppressWarnings(""unchecked"")` anywhere in my code without worrying about exceptions, because the resources are declared as being unchecked. This should not be treated as a sign of resource leakage but rather as an indication that some information might not be available.

So, does this mean there's no resource leakage? Not at all. The `@SuppressWarnings(unchecked)` usage is just for Java 8 and above to allow unboxed type hints without causing issues in the codebase.

I should ensure that any parts of my code where `@SuppressWarnings(""unchecked"")` is used are compatible with Java 8 or later, as this might cause compilation errors. Also, I shouldn't rely on this usage unless there's evidence from other warnings or information indicating it was necessary for functionality.

In summary, the presence of `@@SuppressWarnings(unchecked)` in my code doesn't indicate a resource leakage but rather an intentional use to avoid unavailable resource information without causing issues during compilation.
</think>

No, the `@@SuppressWarnings(unchecked)` usage is not indicative of resource leakage. It simply allows unboxing type hints without causing issues during compilation.

This means that even if you don't have any resources declared as `Resource`, it doesn't affect your code. The compiler will ignore these resources because they are declared as being unchecked and the declaration is safe to omit.

For further learning:

- Java 8+ has been enhanced with unchecked type declarations, but no unsafe implicit cast exceptions can be generated.
- Use `@SuppressWarnings` when you want to avoid explicit type declarations without causing compilation errors.

This resource:
- Doesn't leak any actual resources (like threads or memory).
- Is only used for safe unboxing in the compiler."
1,"public String telnet(Channel channel, String message) {
        long size;
        File file = LoggerFactory.getFile();
        StringBuilder buf = new StringBuilder();
        if (message == null || message.trim().length() == 0) {
            buf.append(""EXAMPLE: log error / log 100"");
        } else {
            String[] str = message.split("" "");
            if (!StringUtils.isNumber(str[0])) {
                LoggerFactory.setLevel(Level.valueOf(message.toUpperCase()));
            } else {
                int showLogLength = Integer.parseInt(str[0]);

                if (file != null && file.exists()) {
                    try(FileInputStream fis = new FileInputStream(file)) {
                        FileChannel filechannel = fis.getChannel();
                        size = filechannel.size();
                        ByteBuffer bb;
                        if (size <= showLogLength) {
                            bb = ByteBuffer.allocate((int) size);
                            filechannel.read(bb, 0);
                        } else {
                            int pos = (int) (size - showLogLength);
                            bb = ByteBuffer.allocate(showLogLength);
                            filechannel.read(bb, pos);
                        }
                        bb.flip();
                        String content = new String(bb.array()).replace(""<"", ""&lt;"")
                                .replace("">"", ""&gt;"").replace(""\n"", ""<br/><br/>"");
                        buf.append(""\r\ncontent:"").append(content);

                        buf.append(""\r\nmodified:"").append(new SimpleDateFormat(""yyyy-MM-dd HH:mm:ss"")
                                .format(new Date(file.lastModified())));
                        buf.append(""\r\nsize:"").append(size).append(""\r\n"");
                    } catch (Exception e) {
                        buf.append(e.getMessage());
                    }
                } else {
                    buf.append(""\r\nMESSAGE: log file not exists or log appender is console ."");
                }
            }
        }
        buf.append(""\r\nCURRENT LOG LEVEL:"").append(LoggerFactory.getLevel()).append(""\r\nCURRENT LOG APPENDER:"")
                .append(file == null ? ""console"" : file.getAbsolutePath());
        return buf.toString();
    }","resource of type `java.io.FileInputStream` acquired by call to `FileInputStream(...)` at line 58 is not released after line 78.
**Note**: potential exception at line 71",0,fail,fail,"<think>
Okay, let me break this down. The user provided a Java method annotated with `public String telnet(...)`. They've given the code snippet in a try-catch block.

First, I'll check if any resource is being acquired. Looking at the code, there's a `Filechannel` variable and operations to read from it. So, reading from the channel uses file I/O, which implies file space as a resource.

Next, I see logging commands like `new SimpleDateFormat(""yyyy-MM-dd HH:mm:ss"")`. These generate log messages with strings, which means line numbers are used for output. Each log entry appends to the buffer and then logs at the appropriate line number.

Finally, after processing, it checks if the file exists and reports its path or ""console"". This indicates that the file is being written back after logging, meaning the file resource was released.

So, in summary, the method acquires a `Filechannel` and uses it, reads from it, logs to output with line numbers, and releases the file. No unaccounted resource flow.
</think>

```json
{
    ""targets"": [""FILE_CHANNEL"", "" logarithmic level""],
    ""result"": true,
    ""explanation"": ""resource of type [FILE_CHANNEL] was acquired by the call to [ logarithmic level]. The method reads from and writes to file channels, which involves using [FILE_CHANNEL], indicating a resource flow. The method also generates log messages at line numbers [ logarithmic level], indicating that resources are being written to output. Finally, after processing, the file channel is released, as indicated by ""CURRENT LOG APPENDER"" followed by [File path].
}
```"
1,"public void doSaveProperties(long version) {
        if (version < lastCacheChanged.get()) {
            return;
        }
        if (file == null) {
            return;
        }
        // Save
        File lockfile = null;
        try {
            lockfile = new File(file.getAbsolutePath() + "".lock"");
            if (!lockfile.exists()) {
                lockfile.createNewFile();
            }

            try (RandomAccessFile raf = new RandomAccessFile(lockfile, ""rw"");
                 FileChannel channel = raf.getChannel()) {
                FileLock lock = channel.tryLock();
                if (lock == null) {

                    IOException ioException = new IOException(""Can not lock the registry cache file "" + file.getAbsolutePath() + "", "" +
                        ""ignore and retry later, maybe multi java process use the file, please config: dubbo.registry.file=xxx.properties"");

                    // 1-9 failed to read / save registry cache file.
                    logger.warn(REGISTRY_FAILED_READ_WRITE_CACHE_FILE, CAUSE_MULTI_DUBBO_USING_SAME_FILE, """",
                        ""Adjust dubbo.registry.file."", ioException);

                    throw ioException;
                }

                // Save
                try {
                    if (!file.exists()) {
                        file.createNewFile();
                    }

                    Properties tmpProperties;
                    if (syncSaveFile) {
                        // When syncReport = true, properties.setProperty and properties.store are called from the same
                        // thread(reportCacheExecutor), so deep copy is not required
                        tmpProperties = properties;
                    } else {
                        // Using properties.setProperty and properties.store method will cause lock contention
                        // under multi-threading, so deep copy a new container
                        tmpProperties = new Properties();
                        Set<Map.Entry<Object, Object>> entries = properties.entrySet();
                        for (Map.Entry<Object, Object> entry : entries) {
                            tmpProperties.setProperty((String) entry.getKey(), (String) entry.getValue());
                        }
                    }

                    try (FileOutputStream outputFile = new FileOutputStream(file)) {
                        tmpProperties.store(outputFile, ""Dubbo Registry Cache"");
                    }
                } finally {
                    lock.release();
                }
            }
        } catch (Throwable e) {
            savePropertiesRetryTimes.incrementAndGet();

            if (savePropertiesRetryTimes.get() >= MAX_RETRY_TIMES_SAVE_PROPERTIES) {
                if (e instanceof OverlappingFileLockException) {
                    // fix #9341, ignore OverlappingFileLockException
                    logger.info(""Failed to save registry cache file for file overlapping lock exception, file name "" + file.getName());
                } else {
                    // 1-9 failed to read / save registry cache file.
                    logger.warn(REGISTRY_FAILED_READ_WRITE_CACHE_FILE, CAUSE_MULTI_DUBBO_USING_SAME_FILE, """",
                        ""Failed to save registry cache file after retrying "" + MAX_RETRY_TIMES_SAVE_PROPERTIES + "" times, cause: "" + e.getMessage(), e);
                }

                savePropertiesRetryTimes.set(0);
                return;
            }

            if (version < lastCacheChanged.get()) {
                savePropertiesRetryTimes.set(0);
                return;
            } else {
                registryCacheExecutor.schedule(() -> doSaveProperties(lastCacheChanged.incrementAndGet()), DEFAULT_INTERVAL_SAVE_PROPERTIES, TimeUnit.MILLISECONDS);
            }

            if (!(e instanceof OverlappingFileLockException)) {
                logger.warn(REGISTRY_FAILED_READ_WRITE_CACHE_FILE, CAUSE_MULTI_DUBBO_USING_SAME_FILE,
                    ""However, the retrying count limit is not exceeded. Dubbo will still try."",
                    ""Failed to save registry cache file, will retry, cause: "" + e.getMessage(), e);
            }
        } finally {
            if (lockfile != null) {
                if (!lockfile.delete()) {
                    // 1-10 Failed to delete lock file.
                    logger.warn(REGISTRY_FAILED_DELETE_LOCKFILE, """", """",
                        String.format(""Failed to delete lock file [%s]"", lockfile.getName()));
                }
            }
        }
    }","resource of type `java.io.RandomAccessFile` acquired by call to `RandomAccessFile(...)` at line 225 is not released after line 298.
**Note**: potential exception at line 227",0,fail,fail,"<think>
好的，我现在需要分析这段Java代码中的资源泄露情况。首先，我会仔细阅读代码的注释部分和主要函数，以了解其内部逻辑。

代码开始定义了一个`doSaveProperties`方法，并在最后用```json标签将结果存储起来。这是一个典型的处理文件或内容属性的方法。接下来，我看到有一个`lockfile`变量，用于创建并管理一个`File`对象，用于存储“lock”扩展名的文件。这可能涉及到锁机制。

代码中使用了`try { ... } catch (IOException e) { ... }`结构来处理外部 IOException，包括未读取到或写入到目录中的资源，以及重试策略以应对多线程环境下的冲突情况。

在最后的部分，有一个`finally`块，用于管理`lock`变量的 releasing。这部分看起来是必要的，因为如果一个文件被锁，直接释放可能会导致资源泄漏。

接下来，我需要评估这段代码中是否有资源泄漏的情况。根据用户提供的指导方针，主要检查的是使用`File`类来管理文件时所释放和关闭资源的情况，同时排除了Java 7的try-with-resources机制。

在这个代码中，`lockfile`用于创建并管理一个`File`对象，这符合“资源被自动关闭”的模式。然而，在处理其他可能的资源分配（如`File.java`）时，并未使用类似的操作，因此这部分代码是安全的。

此外，没有发现任何显式的资源分配或未分配的情况。所有文件操作都遵循了资源释放和闭合的规范。因此，这段代码在默认情况下不含有资源泄漏的潜力 bug。
</think>

```json
{
	""targets"": [],
	""result"": ""False"",
	""explanation"": ""This code is clean, and it has no potential resource leakage bugs.""
}
```"
1,"public long writeFrom(InputStream input) throws IOException {
    checkNotNull(input);

    Closer closer = Closer.create();
    try {
      OutputStream out = closer.register(openStream());
      long written = ByteStreams.copy(input, out);
      out.flush(); // https://code.google.com/p/guava-libraries/issues/detail?id=1330
      return written;
    } catch (Throwable e) {
      throw closer.rethrow(e);
    } finally {
      closer.close();
    }
  }",resource of type `com.google.common.io.TestByteSink$Out` acquired by call to `openStream()` at line 127 is not released after line 129.,0,fail,fail,"<think>
Okay, I'm trying to figure out how to approach this problem. The user provided a specific warning message that indicates resource leakage bugs in Java code. My task is to extract the relevant details from the warning and format them into a JSON output according to their guidelines.

First, let me look at the structure of the warning message they've given. It starts with ""@@@@"" as delimiters, followed by the class name ""writeFrom"", some specific lines like 102-107 in a file named ""src/main/java"", and some exception details about not closing an output stream.

The template they provided for the JSON response includes three fields: resource type, call inversion point, and explanation. I need to extract these elements from the warning message and present them accurately.

I'll start by identifying the relevant parts of the warning:
- The class name is ""writeFrom"".
- The specific lines are within a file located at ""/src/main/java"".
- There's an exception about not closing an output stream.

Next, I need to map these details to the corresponding fields in the JSON structure. For example:
- Resource type would be ""WriteFrom"".
- Call inversion point is where this method is defined.
- Explanation should cover that the output stream wasn't closed.

I also notice that there are some additional specific lines (102-107) within a file, so I need to include those details in the JSON response. Additionally, the exception message mentions not closing an output stream, which ties directly into resource leakage.

Once I have all the necessary information extracted, I'll format it as per their example JSON structure. The final output should be a complete JSON object with three fields: ""resource"", ""call"", and ""explanation"".

I also need to make sure that the JSON is properly formatted with commas separating each field and keys matching the structure they provided.

Finally, I'll review my extracted information to ensure accuracy and completeness before presenting it in the JSON format.
</think>

```json
{
    ""resource"": ""WriteFrom"",
    ""call"": {
        ""lines"": [
            102,
            103,
            104,
            105,
            106,
            107
        ]
    },
    ""explanation"": ""In this file, the WriteFrom method does not close an output stream. This is a resource leakage bug.""
}
```"
1,"public byte[] read() throws IOException {
      Closer closer = Closer.create();
      try {
        FileInputStream in = closer.register(openStream());
        return ByteStreams.toByteArray(in, in.getChannel().size());
      } catch (Throwable e) {
        throw closer.rethrow(e);
      } finally {
        closer.close();
      }
    }",resource of type `java.io.FileInputStream` acquired by call to `openStream()` at line 158 is not released after line 159.,0,False,[],"This code is clean and has no resource leaks. The method reads a byte array by reading from an in-memory stream, which is closed after use. No resources are acquired or not released afterward."
1,"public long copyTo(OutputStream output) throws IOException {
    checkNotNull(output);

    Closer closer = Closer.create();
    try {
      InputStream in = closer.register(openStream());
      return ByteStreams.copy(in, output);
    } catch (Throwable e) {
      throw closer.rethrow(e);
    } finally {
      closer.close();
    }
  }",resource of type `com.google.common.io.RandomAmountInputStream` acquired by call to `openStream()` at line 256 is not released after line 257.,0,true,"['RESOURCE_TYPE', 'CALL_INVOKATION']",resource of type java.io_OutputInputStream acquired by call to copyTo() at line 352 is not released after line 356.
1,"private <V extends @Nullable Object> FluentFuture<V> callAsync(
        AsyncCombiningCallable<V> combiner, CloseableList closeables) throws Exception {
      beingCalled = true;
      CloseableList newCloseables = new CloseableList();
      try {
        ClosingFuture<V> closingFuture = combiner.call(newCloseables.closer, this);
        closingFuture.becomeSubsumedInto(closeables);
        return closingFuture.future;
      } finally {
        closeables.add(newCloseables, directExecutor());
        beingCalled = false;
      }
    }
  }","resource of type `com.google.common.util.concurrent.ClosingFuture$CloseableList` acquired by call to `ClosingFuture$CloseableList()` at line 1197 is not released after line 1203.
**Note**: potential exception at line 1200",0,true,"['RESOURCE_TYPE', 'DirectExecutor']","Resource was improperly combined in the try-finally block, indicating resource leakage."
1,"public static void display(MavenProject project, Log log) {
        if (INSTANCE.visited.contains(project.getName())) {
            return;
        }

        INSTANCE.visited.add(project.getName());

        boolean quiet = log.isErrorEnabled() &&
            !log.isWarnEnabled() &&
            !log.isInfoEnabled() &&
            !log.isDebugEnabled();

        try {
            File parent = new File(System.getProperty(""user.home""), ""/.m2/caches"");
            File markerFile = getMarkerFile(parent);
            if (!markerFile.exists()) {
                if (!quiet) log.info(INSTANCE.message);
                markerFile.getParentFile().mkdirs();
                PrintStream out = newPrintStream(new FileOutputStream(markerFile));
                out.println(""1"");
                out.close();
                writeQuietly(markerFile, ""1"");
            } else {
                try {
                    int count = Integer.parseInt(readQuietly(markerFile));
                    if (count < 3 && !quiet) log.info(INSTANCE.message);
                    writeQuietly(markerFile, (count + 1) + """");
                } catch (NumberFormatException e) {
                    writeQuietly(markerFile, ""1"");
                    if (!quiet) log.info(INSTANCE.message);
                }
            }
        } catch (IOException ignored) {
            // noop
        }
    }",resource of type `java.io.FileOutputStream` acquired by call to `FileOutputStream(...)` at line 72 is not released after line 72.,0,True,['java.io.File'],"The resource of type `java.io.File` was acquired by accessing a file but not being cleaned up afterward. Specifically, this occurred after line 246."
1,"public static void display(MavenProject project, Log log) {
        if (INSTANCE.visited.contains(project.getName())) {
            return;
        }

        INSTANCE.visited.add(project.getName());

        boolean quiet = log.isErrorEnabled() &&
            !log.isWarnEnabled() &&
            !log.isInfoEnabled() &&
            !log.isDebugEnabled();

        try {
            File parent = new File(System.getProperty(""user.home""), ""/.m2/caches"");
            File markerFile = getMarkerFile(parent);
            if (!markerFile.exists()) {
                if (!quiet) log.info(INSTANCE.message);
                markerFile.getParentFile().mkdirs();
                PrintStream out = newPrintStream(new FileOutputStream(markerFile));
                out.println(""1"");
                out.close();
                writeQuietly(markerFile, ""1"");
            } else {
                try {
                    int count = Integer.parseInt(readQuietly(markerFile));
                    if (count < 3 && !quiet) log.info(INSTANCE.message);
                    writeQuietly(markerFile, (count + 1) + """");
                } catch (NumberFormatException e) {
                    writeQuietly(markerFile, ""1"");
                    if (!quiet) log.info(INSTANCE.message);
                }
            }
        } catch (IOException ignored) {
            // noop
        }
    }",resource of type `java.io.FileOutputStream` acquired by call to `FileOutputStream(...)` at line 72 is not released after line 72.,0,true,"['java.io.Platform', 'io']",resource of type `java.io.Platform` acquired by call to `java.ioplatform` is not released after line 327.
1,"private static void writeQuietly(File file, String text) {
        try {
            PrintStream out = newPrintStream(new FileOutputStream(file));
            out.println(text);
            out.close();
        } catch (IOException ignored) {
            // ignored
        }
    }",resource of type `java.io.FileOutputStream` acquired by call to `FileOutputStream(...)` at line 93 is not released after line 93.,0,true,['PrintStream'],resource of type PrintStream was acquired by call to print(text) at line 328 is not released after line 328.
